id,type,ba_zone,commodity,fac_id,fac_zip,lat,lon,cod,ref_cap,cap_dec,prod_2018,int_coal,int_met_coal,int_coke,int_ddfo,int_ng,int_hgl,int_elec,int_opet,int_rfo,int_ng_feed,int_coal_feed,int_coke_feed,int_h2_feed,int_lighthgl_feed,int_medhgl_feed,int_heavypchem_feed,int_m_scrap,int_m_ore,int_m_limestone,int_m_cullet,int_m_silica,int_m_soda_ash,co2_rate_proc,co2_rate_comb,newfac_ref_cap,cost_cap,cost_fom,cost_vom,ccs_cap_rate_comb,ccs_cap_rate_prod
* Vintage,Technology,BA Region,Sector,Faciity ID,Zip Code,Latitude,Longitude,Commercial operation date,Capacity [metric-tons/yr],fixed changes to capacity post 2022 [metric-tons/yr],Production in 2018 [metric_ton],Industrial Coal intensity [MMBtu-fuel-input/metric_ton-output],Metallurgical Coal intensity  [MMBtu-fuel-input/metric_ton-output],Coke intensity [MMBtu-fuel-input/metric_ton-output],Distilate Fuel Oil intensity [MMBtu-fuel-input/metric_ton-output],Natural gas intensity [MMBtu-fuel-input/metric_ton-output],Propane intensity [MMBtu-fuel-input/metric_ton-output],Electricity intensity [MWh-input/metric_ton-output],Other Petroleum intensity [MMBtu-fuel-input/metric_ton-output],Residual Fuel Oil intensity [MMBtu-fuel-input/metric_ton-output],Natural gas feedstock intensity  [MMBtu-fuel-input/metric_ton-output],Industrial Coal feedstock intensity  [MMBtu-fuel-input/metric_ton-output],Coke feedstock intensity  [MMBtu-fuel-input/metric_ton-output],Hydrogen feedstock intensity [metric_ton-h2/metric_ton-output],Ethane feedstock intensity  [MMBtu-input/metric_ton-output],Propane/Butane feedstock intensity  [MMBtu-input/metric_ton-output],Heavy feedstock intensity  [MMBtu-input/metric_ton-output],Scrap intensity [metric_ton-scrap/metric_ton-output],Ore intensity [metric_ton-ore/metric_ton-output],Limestone intensity [metric_ton-input/metric_ton-output],Cullet intensity [tonne-scrap/tonne-output],Silica intensity [tonne-input/tonne-output],Soda ash intensity [tonne-input/tonne-output],Carbon emission process intensity [CO2 metric_ton/metric_ton-output],Carbon emission combustion intensity [CO2 metric_ton/metric_ton-output],Capacity of reference facility for new vintages [metric tons/yr],CAPEX [2018$/(metric ton/yr)],Fixed O&M cost [2018$/metric_ton],Variable O&M cost [2018$/metric_ton],Carbon capture rate from combustion [%],Carbon capture rate from process [%]
tech1,smr_haber,p99,ammonia,1000630,23860,37.1815,-77.1621,1928,530000,0,402800,0,0,0,0,11.41124587,0,0.374528273,0,0,20.04410143,0,0,0,0,0,0,0,0,0,,,,0.892018779,0.605480706,,1764.644258,44.11610644,0,0,0
tech2,smr_haber,p48,ammonia,1002380,79007,35.6411,-101.4203,1968,490000,0,372400,0,0,0,0,11.41124587,0,0.374528273,0,0,20.04410143,0,0,0,0,0,0,0,0,0,,,,0.892018779,0.605480706,,1764.644258,44.11610644,0,0,0
tech3,smr_haber,p58,ammonia,1002301,70346,30.086917,-90.957861,1966,3900000,0,2964000,0,0,0,0,11.41124587,0,0.374528273,0,0,20.04410143,0,0,0,0,0,0,0,0,0,,,,0.892018779,0.605480706,,1764.644258,44.11610644,0,0,0
tech4,smr_haber,p87,ammonia,1004183,39194,32.904444,-90.383056,1951,510000,0,387600,0,0,0,0,11.41124587,0,0.374528273,0,0,20.04410143,0,0,0,0,0,0,0,0,0,,,,0.892018779,0.605480706,,1764.644258,44.11610644,0,0,0
tech5,smr_haber,p45,ammonia,1006005,51054,42.32786,-96.36489,1964,1090000,0,828400,0,0,0,0.000427953,11.41124587,0,0.374528273,0,0,20.04410143,0,0,0,0,0,0,0,0,0,,,,0.892018779,0.605512357,,1764.644258,44.11610644,0,0,0
tech6,smr_haber,p89,ammonia,1007770,35616,34.80302,-87.93974,1962,160000,0,121600,0,0,0,6.34E-05,14.16432738,0,0.374528273,0,0,20.04410143,0,0,0,0,0,0,0,0,0,,,,0.892018779,0.751563898,,1764.644258,44.11610644,0,0,0
tech7,coal_gasification,p53,ammonia,1002170,67337,37.04536,-95.60517,2005,430000,0,326800,0,0,18.14241845,0,2.657329224,0,1.027820298,0,0,0,0,22.34761478,0,0,0,0,0,0,0,,,,0.892018779,1.998962962,,1764.644258,44.11610644,0,0,0
tech8,smr_haber,p24,ammonia,1005924,82001,41.0949,-104.908,2003,180000,0,136800,0,0,0,0,11.41124587,0,0.374528273,0,0,20.04410143,0,0,0,0,0,0,0,0,0,,,,0.892018779,0.605480706,,1764.644258,44.11610644,0,0,0
tech9,smr_haber,p5,ammonia,1005766,97054,45.911158,-122.824231,2003,100000,0,76000,0,0,0,0,11.41124587,0,0.374528273,0,0,20.04410143,0,0,0,0,0,0,0,0,0,,,,0.892018779,0.605480706,,1764.644258,44.11610644,0,0,0
tech10,smr_haber,p58,ammonia,1012698,70094,29.965,-90.26248,2013,800000,0,608000,0,0,0,0,11.41124587,0,0.374528273,0,0,20.04410143,0,0,0,0,0,0,0,0,0,,,,0.892018779,0.605480706,,1764.644258,44.11610644,0,0,0
tech11,smr_haber,p85,ammonia,1003993,71730,33.248851,-92.661647,2000,400000,0,304000,0,0,0,0,11.41124587,0,0.374528273,0,0,20.04410143,0,0,0,0,0,0,0,0,0,,,,0.892018779,0.605480706,,1764.644258,44.11610644,0,0,0
tech12,smr_haber,p80,ammonia,1005502,61025,42.44311,-90.55686,1965,340000,0,258400,0,0,0,0,11.41124587,0,0.374528273,0,0,20.04410143,0,0,0,0,0,0,0,0,0,,,,0.892018779,0.605480706,,1764.644258,44.11610644,0,0,0
tech13,smr_haber,p70,ammonia,1002790,50801,41.070867,-94.356733,1966,30000,0,22800,0,0,0,0,11.41124587,0.017152077,0.374528273,0,0,20.04410143,0,0,0,0,0,0,0,0,0,,,,0.892018779,0.606559057,,1764.644258,44.11610644,0,0,0
tech14,coal_gasification,p36,ammonia,1002440,58523,47.360814,-101.838222,1984,360000,0,273600,14.31203652,0,0,0,0,0,1.027820298,0,0,0,17.62939598,0,0,0,0,0,0,0,0,,,,0.892018779,1.354920497,,1764.644258,44.11610644,0,0,0
tech15,smr_haber,p70,ammonia,1012918,52658,40.69,-91.23,2017,770000,0,585200,0,0,0,0,15.22319295,0,0.374528273,0,0,20.04410143,0,0,0,0,0,0,0,0,0,,,,0.892018779,0.807742618,,1764.644258,44.11610644,0,0,0
tech16,smr_haber,p50,ammonia,1002407,73701,36.379476,-97.76509,1974,930000,0,706800,0,0,0,0,11.41124587,0,0.374528273,0,0,20.04410143,0,0,0,0,0,0,0,0,0,,,,0.892018779,0.605480706,,1764.644258,44.11610644,0,0,0
tech17,smr_haber,p40,ammonia,1006575,68310,40.319088,-96.8414,1964,270000,0,205200,0,0,0,0.002472558,11.41124587,0,0.374528273,0,0,20.04410143,0,0,0,0,0,0,0,0,0,,,,0.892018779,0.605663576,,1764.644258,44.11610644,0,0,0
tech18,smr_haber,p53,ammonia,1006037,67801,37.77995,-100.00572,1968,280000,0,212800,0,0,0,0,11.41124587,0,0.374528273,0,0,20.04410143,0,0,0,0,0,0,0,0,0,,,,0.892018779,0.605480706,,1764.644258,44.11610644,0,0,0
tech19,smr_haber,p45,ammonia,1007046,50532,42.499406,-94.017177,1964,350000,0,266000,0,0,0,0,11.41124587,0,0.374528273,0,0,20.04410143,0,0,0,0,0,0,0,0,0,,,,0.892018779,0.605480706,,1764.644258,44.11610644,0,0,0
tech20,smr_haber,p40,ammonia,1013265,68361,40.53892,-97.58003,2017,30000,0,22800,0,0,0,0,13.1330718,0,0.374528273,0,0,20.04410143,0,0,0,0,0,0,0,0,0,,,,0.892018779,0.696840789,,1764.644258,44.11610644,0,0,0
tech21,smr_haber,p58,ammonia,1003489,70734,30.225784,-91.053154,1967,450000,0,342000,0,0,0,0.006260892,11.41124587,0,0.374528273,0,0,20.04410143,0,0,0,0,0,0,0,0,0,,,,0.892018779,0.605943761,,1764.644258,44.11610644,0,0,0
tech22,smr_haber,p94,ammonia,1004340,30903,33.47,-81.97,2000,790000,0,600400,0,0,0,0,10.09365348,0,0.374528273,0,0,20.04410143,0,0,0,0,0,0,0,0,0,,,,0.892018779,0.535569254,,1764.644258,44.11610644,0,0,0
tech23,smr_haber,p112,ammonia,1002229,45804,40.711256,-84.138157,2000,610000,0,463600,0,0,0,0,11.41124587,0,0.374528273,0,0,20.04410143,0,0,0,0,0,0,0,0,0,,,,0.892018779,0.605480706,,1764.644258,44.11610644,0,0,0
tech24,smr_haber,p51,ammonia,1005867,74361,36.241247,-95.278349,1942,210000,0,159600,0,0,0,0,11.01092819,0,0.374528273,0,0,20.04410143,0,0,0,0,0,0,0,0,0,,,,0.892018779,0.58423985,,1764.644258,44.11610644,0,0,0
tech25,smr_haber,p21,ammonia,1003087,82901,41.53841,-109.12746,1985,190000,0,144400,0,0,0,0.010549799,11.41124587,0.002082409,0.374528273,0,0,20.04410143,0,0,0,0,0,0,0,0,0,,,,0.892018779,0.60639189,,1764.644258,44.11610644,0,0,0
tech26,smr_haber,p50,ammonia,1005788,73801,36.43722,-99.47108,1976,440000,0,334400,0,0,0,0,11.41124587,0,0.374528273,0,0,20.04410143,0,0,0,0,0,0,0,0,0,,,,0.892018779,0.605480706,,1764.644258,44.11610644,0,0,0
tech27,smr_haber,p58,ammonia,1009795,70086,30.08367,-90.91325,2000,510000,0,387600,0,0,0,0.046414861,15.50945305,0,0.374528273,0,0,20.04410143,0,0,0,0,0,0,0,0,0,,,,0.892018779,0.826364422,,1764.644258,44.11610644,0,0,0
tech28,smr_haber,p92,ammonia,1012789,37809,36.1939,-83.00266,2016,60000,0,45600,0,0,0,0,11.41124587,0,0.374528273,0,0,20.04410143,0,0,0,0,0,0,0,0,0,,,,0.892018779,0.605480706,,1764.644258,44.11610644,0,0,0
tech29,smr_haber,p51,ammonia,1002275,74019,36.233516,-95.719098,2000,1020000,0,775200,0,0,0,0,11.41124587,0,0.374528273,0,0,20.04410143,0,0,0,0,0,0,0,0,0,,,,0.892018779,0.605480706,,1764.644258,44.11610644,0,0,0
tech30,port,p89,cement,1006659,35040,33.1043,-86.7985,1960,1770000,0,1370000,1.031226178,0,0.042967757,0.021483879,0.549535003,0.004296776,0.141895672,0.773419634,0,0,0,0,0,0,0,0,0,0,1.159973256,,,,0.455175,0.410930909,,167.3941293,19.78200491,1.6,0,0
tech31,port,p116,cement,1007566,25401,39.434879,-77.977911,1800,1320000,0,1190000,1.352388582,0,0.056349524,0.028174762,0.720680757,0.005634952,0.141895672,1.014291436,0,0,0,0,0,0,0,0,0,0,1.159973256,,,,0.455175,0.288251826,,167.3941293,19.78200491,1.6,0,0
tech32,port,p115,cement,1006785,16023,40.7948,-79.70017,2000,380000,0,210000,0.436031835,0,0,0.043603184,3.098120934,0.043603184,0.160706607,0.87206367,0,0,0,0,0,0,0,0,0,0,1.159973256,,,,0.455175,0.363425363,,167.3941293,19.78200491,1.6,0,0
tech33,port,p53,cement,1002665,66720,37.698786,-95.459748,1908,1650000,0,1430000,1.660053993,0,0.011067027,0.011067027,0.314536546,0.011067027,0.141108561,1.60471886,0,0,0,0,0,0,0,0,0,0,1.159973256,,,,0.455175,0.340416016,,167.3941293,19.78200491,1.6,0,0
tech34,port,p63,cement,1002421,76065,32.51993,-97.0068,1966,960000,0,940000,1.450754765,0,0.060448115,0.030224058,0.773099579,0.006044812,0.141895672,1.088066074,0,0,0,0,0,0,0,0,0,0,1.159973256,,,,0.455175,0.31185037,,167.3941293,19.78200491,1.6,0,0
tech35,port,p7,cement,1002527,97905,44.542325,-117.42053,1979,1100000,0,870000,1.795251623,0,0.023912752,0.023912752,0.61227529,0.023912752,0.112174447,1.508011363,0,0,0,0,0,0,0,0,0,0,1.159973256,,,,0.455175,0.374078582,,167.3941293,19.78200491,1.6,0,0
tech36,port,p41,cement,1007552,68037,41.005565,-96.154917,1929,960000,0,920000,1.61094166,0,0.010739611,0.010739611,0.305231051,0.010739611,0.141108561,1.557243604,0,0,0,0,0,0,0,0,0,0,1.159973256,,,,0.455175,0.34330322,,167.3941293,19.78200491,1.6,0,0
tech37,port,p17,cement,1002531,59634,46.54448,-111.92062,1964,300000,0,230000,4.206201257,0,0.056026601,0.056026601,1.434536008,0.056026601,0.112174447,3.533209056,0,0,0,0,0,0,0,0,0,0,1.159973256,,,,0.455175,0.809093409,,167.3941293,19.78200491,1.6,0,0
tech38,port,p1,cement,1002537,98134,47.56799,-122.34255,1920,760000,0,440000,1.814846609,0,0.024173757,0.024173757,0.618958212,0.024173757,0.112174447,1.524471152,0,0,0,0,0,0,0,0,0,0,1.159973256,,,,0.455175,0.404597292,,167.3941293,19.78200491,1.6,0,0
tech39,port,p85,cement,1007606,71836,33.6936,-94.4166,1958,1390000,0,1120000,1.85191921,0,0.0771633,0.03858165,0.986878,0.00771633,0.141895672,1.388939408,0,0,0,0,0,0,0,0,0,0,1.159973256,,,,0.455175,0.388753831,,167.3941293,19.78200491,1.6,0,0
tech40,port,p65,cement,1007208,78266,29.61214,-98.375075,1981,990000,0,720000,2.953986326,0,0.123082764,0.061541382,1.574163766,0.012308276,0.141895672,2.215489744,0,0,0,0,0,0,0,0,0,0,1.159973256,,,,0.455175,0.438427289,,167.3941293,19.78200491,1.6,0,0
tech41,port,p101,cement,1005458,32669,29.690671,-82.582134,2000,870000,0,540000,4.92437374,0,0.205182239,0.10259112,2.624172848,0.020518224,0.141895672,3.693280305,0,0,0,0,0,0,0,0,0,0,1.159973256,,,,0.455175,0.755144734,,167.3941293,19.78200491,1.6,0,0
tech42,port,p96,cement,1002750,29448,33.226205,-80.452832,1974,1120000,0,800000,1.178865445,0,0.049119394,0.024559697,0.628211191,0.004911939,0.141895672,0.884149084,0,0,0,0,0,0,0,0,0,0,1.159973256,,,,0.455175,0.263881673,,167.3941293,19.78200491,1.6,0,0
tech43,port,p25,cement,1002530,84648,39.508327,-112.262246,1980,980000,0,800000,1.807490561,0,0.024075774,0.024075774,0.616449412,0.024075774,0.112174447,1.518292071,0,0,0,0,0,0,0,0,0,0,1.159973256,,,,0.455175,0.377721741,,167.3941293,19.78200491,1.6,0,0
tech44,port,p101,cement,1003303,34601,28.582265,-82.430829,1986,1590000,0,1390000,1.299907604,0,0.054162817,0.027081408,0.69271392,0.005416282,0.141895672,0.974930703,0,0,0,0,0,0,0,0,0,0,1.159973256,,,,0.455175,0.274191506,,167.3941293,19.78200491,1.6,0,0
tech45,port,p65,cement,1004270,78217,29.545278,-98.421111,1964,820000,0,520000,1.446822359,0,0.060284265,0.030142132,0.77100402,0.006028426,0.141895672,1.085116769,0,0,0,0,0,0,0,0,0,0,1.159973256,,,,0.455175,0.33235318,,167.3941293,19.78200491,1.6,0,0
tech46,port,p92,cement,1004721,37924,36.022505,-83.834408,2000,810000,0,720000,1.049881864,0,0.043745078,0.021872539,0.559476519,0.004374508,0.141895672,0.787411398,0,0,0,0,0,0,0,0,0,0,1.159973256,,,,0.455175,0.238025172,,167.3941293,19.78200491,1.6,0,0
tech47,port,p33,cement,1007877,80540,40.202236,-105.236697,1969,980000,0,380000,1.784482651,0,0.023769309,0.023769309,0.608602504,0.023769309,0.112174447,1.498965427,0,0,0,0,0,0,0,0,0,0,1.159973256,,,,0.455175,0.405656584,,167.3941293,19.78200491,1.6,0,0
tech48,port,p10,cement,1002308,92308,34.39654,-117.150005,1915,2721000,0,2620000,1.368375764,0,0.018226765,0.018226765,0.466688155,0.018226765,0.112174447,1.149435642,0,0,0,0,0,0,0,0,0,0,1.159973256,,,,0.455175,0.38485033,,167.3941293,19.78200491,1.6,0,0
tech49,port,p64,cement,1007663,78132,29.675,-98.182778,1980,2190000,0,2020000,1.448076669,0,0.060336528,0.030168264,0.771672435,0.006033653,0.141895672,1.086057501,0,0,0,0,0,0,0,0,0,0,1.159973256,,,,0.455175,0.297861468,,167.3941293,19.78200491,1.6,0,0
tech50,port,p102,cement,1004758,33182,25.786463,-80.421113,1958,1320000,0,1050000,1.310775763,0,0.054615657,0.027307828,0.698505505,0.005461566,0.141895672,0.983081822,0,0,0,0,0,0,0,0,0,0,1.159973256,,,,0.455175,0.28063808,,167.3941293,19.78200491,1.6,0,0
tech51,port,p94,cement,1005331,31013,32.4152,-83.6333,1920,730000,0,570000,1.333645688,0,0.05556857,0.027784285,0.710692768,0.005556857,0.141895672,1.000234266,0,0,0,0,0,0,0,0,0,0,1.159973256,,,,0.455175,0.308967992,,167.3941293,19.78200491,1.6,0,0
tech52,port,p89,cement,1008033,36732,32.5127,-87.815631,1901,820000,0,800000,1.0368695,0,0.043202896,0.021601448,0.552542299,0.00432029,0.141895672,0.777652125,0,0,0,0,0,0,0,0,0,0,1.159973256,,,,0.455175,0.233835483,,167.3941293,19.78200491,1.6,0,0
tech53,port,p71,cement,1005987,63401,39.67913,-91.31424,1903,760000,0,620000,3.60407139,0,0.024027143,0.024027143,0.682876684,0.024027143,0.141108561,3.483935677,0,0,0,0,0,0,0,0,0,0,1.159973256,,,,0.455175,0.612794915,,167.3941293,19.78200491,1.6,0,0
tech54,port,p10,cement,1006842,93501,35.02810451,-118.3143782,1955,1179100,0,1070000,2.861017273,0,0.03810875,0.03810875,0.97575747,0.03810875,0.112174447,2.403254509,0,0,0,0,0,0,0,0,0,0,1.159973256,,,,0.455175,0.396995998,,167.3941293,19.78200491,1.6,0,0
tech55,port,p10,cement,1007927,92368,34.6045,-117.3382,2007,1220000,0,1110000,2.481906725,0,0.033058998,0.033058998,0.84646082,0.033058998,0.112174447,2.084801649,0,0,0,0,0,0,0,0,0,0,1.159973256,,,,0.455175,0.368400265,,167.3941293,19.78200491,1.6,0,0
tech56,port,p30,cement,1006669,85654,32.4108,-111.15055,1949,2350000,0,1130000,1.912716142,0,0.025477379,0.025477379,0.652336874,0.025477379,0.112174447,1.60668156,0,0,0,0,0,0,0,0,0,0,1.159973256,,,,0.455175,0.388877894,,167.3941293,19.78200491,1.6,0,0
tech57,port,p9,cement,1004612,96003,40.7369,-122.3223,1960,600000,0,430000,1.402372993,0,0.018679608,0.018679608,0.478283,0.018679608,0.112174447,1.177993314,0,0,0,0,0,0,0,0,0,0,1.159973256,,,,0.455175,0.326250353,,167.3941293,19.78200491,1.6,0,0
tech58,port,p51,cement,1007216,74116,36.1941,-95.8117,1961,770950,0,610000,1.835648326,0,0.076485347,0.038242673,0.978207332,0.007648535,0.141895672,1.376736244,0,0,0,0,0,0,0,0,0,0,1.159973256,,,,0.455175,0.40535136,,167.3941293,19.78200491,1.6,0,0
tech59,port,p54,cement,1004385,64050,39.14418,-94.39482,1905,770950,0,630000,3.618793172,0,0.024125288,0.024125288,0.685666075,0.024125288,0.141108561,3.498166733,0,0,0,0,0,0,0,0,0,0,1.159973256,,,,0.455175,0.508895791,,167.3941293,19.78200491,1.6,0,0
tech60,port,p134,cement,1003594,4861,44.08401,-69.157238,1928,630000,0,430000,0.534379165,0,0,0.053437917,3.796904596,0.053437917,0.160706607,1.068758331,0,0,0,0,0,0,0,0,0,0,1.159973256,,,,0.455175,0.38477925,,167.3941293,19.78200491,1.6,0,0
tech61,port,p70,cement,1006077,52728,41.45906,-90.695252,1906,1290000,0,1130000,1.620415258,0,0.010802768,0.010802768,0.307026049,0.010802768,0.141108561,1.566401416,0,0,0,0,0,0,0,0,0,0,1.159973256,,,,0.455175,0.338513553,,167.3941293,19.78200491,1.6,0,0
tech62,port,p28,cement,1001689,86334,34.98533,-112.37044,2011,670000,0,600000,1.866683633,0,0.024864226,0.024864226,0.636637365,0.024864226,0.112174447,1.568014252,0,0,0,0,0,0,0,0,0,0,1.159973256,,,,0.455175,0.405010047,,167.3941293,19.78200491,1.6,0,0
tech63,port,p113,cement,1006212,45385,39.7779,-83.9661,1924,1000000,0,550000,2.1078829,0,0.014052553,0.014052553,0.399388339,0.014052553,0.141108561,2.037620136,0,0,0,0,0,0,0,0,0,0,1.159973256,,,,0.455175,0.462651247,,167.3941293,19.78200491,1.6,0,0
tech64,port,p32,cement,1004539,57702,44.0896,-103.271663,1924,1160000,0,520000,1.626470782,0,0.010843139,0.010843139,0.308173411,0.010843139,0.141108561,1.572255089,0,0,0,0,0,0,0,0,0,0,1.159973256,,,,0.455175,0.367604221,,167.3941293,19.78200491,1.6,0,0
tech65,port,p62,cement,1006363,79766,31.703691,-102.392214,1965,1410000,0,410000,1.472713698,0,0.061363071,0.030681535,0.784801378,0.006136307,0.141895672,1.104535273,0,0,0,0,0,0,0,0,0,0,1.159973256,,,,0.455175,0.346895365,,167.3941293,19.78200491,1.6,0,0
tech66,port,p34,cement,1003067,81004,38.129058,-104.606741,2008,1360000,0,790000,1.73930504,0,0.023167543,0.023167543,0.593194561,0.023167543,0.112174447,1.461016234,0,0,0,0,0,0,0,0,0,0,1.159973256,,,,0.455175,0.366956952,,167.3941293,19.78200491,1.6,0,0
tech67,port,p31,cement,1009018,87059,35.071319,-106.392283,1959,440000,0,410000,1.939672457,0,0.025836437,0.025836437,0.661530396,0.025836437,0.112174447,1.629324864,0,0,0,0,0,0,0,0,0,0,1.159973256,,,,0.455175,0.431398064,,167.3941293,19.78200491,1.6,0,0
tech68,port,p96,cement,1003770,29448,33.242778,-80.442222,1949,1340000,0,480000,1.211398625,0,0.050474943,0.025237471,0.645547951,0.005047494,0.141895672,0.908548969,0,0,0,0,0,0,0,0,0,0,1.159973256,,,,0.455175,0.286335247,,167.3941293,19.78200491,1.6,0,0
tech69,port,p9,cement,1002431,95014,37.3181,-122.091,1939,880000,0,800000,3.164823923,0,0.042155455,0.042155455,1.079371527,0.042155455,0.112174447,2.658452095,0,0,0,0,0,0,0,0,0,0,1.159973256,,,,0.455175,0.576031062,,167.3941293,19.78200491,1.6,0,0
tech70,port,p122,cement,1001835,18064,40.72966,-75.30078,1970,1920000,0,880000,0.446227956,0,0,0.044622796,3.170567054,0.044622796,0.160706607,0.892455911,0,0,0,0,0,0,0,0,0,0,1.159973256,,,,0.455175,0.315642881,,167.3941293,19.78200491,1.6,0,0
tech71,port,p122,cement,1006450,18083,40.75037,-75.27114,1917,950000,0,780000,0.455319993,0,0,0.045531999,3.235168369,0.045531999,0.160706607,0.910639985,0,0,0,0,0,0,0,0,0,0,1.159973256,,,,0.455175,0.320212334,,167.3941293,19.78200491,1.6,0,0
tech72,port,p89,cement,1006234,35094,33.5401,-86.5435,1906,1020000,0,820000,1.02080573,0,0.042533572,0.021266786,0.543982001,0.004253357,0.141895672,0.765604297,0,0,0,0,0,0,0,0,0,0,1.159973256,,,,0.455175,0.232078006,,167.3941293,19.78200491,1.6,0,0
tech73,port,p72,cement,1007563,63627,38.109942,-90.257947,2009,4080000,0,3350000,2.527434098,0,0.016849561,0.016849561,0.47888225,0.016849561,0.141108561,2.443186295,0,0,0,0,0,0,0,0,0,0,1.159973256,,,,0.455175,0.386474816,,167.3941293,19.78200491,1.6,0,0
tech74,port,p96,cement,1006815,29059,33.273041,-80.435853,1966,2000000,0,1730000,1.179345922,0,0.049139413,0.024569707,0.628467235,0.004913941,0.141895672,0.884509441,0,0,0,0,0,0,0,0,0,0,1.159973256,,,,0.455175,0.247638317,,167.3941293,19.78200491,1.6,0,0
tech75,port,p103,cement,1005874,49707,45.0722,-83.4048,1907,2180000,0,1970000,2.013830706,0,0.013425538,0.013425538,0.381567923,0.013425538,0.141108561,1.946703016,0,0,0,0,0,0,0,0,0,0,1.159973256,,,,0.455175,0.405779485,,167.3941293,19.78200491,1.6,0,0
tech76,port,p26,cement,1004131,84050,41.0633,-111.5317,1904,730000,0,570000,3.997191382,0,0.053242589,0.053242589,1.36325264,0.053242589,0.112174447,3.357640761,0,0,0,0,0,0,0,0,0,0,1.159973256,,,,0.455175,0.577757911,,167.3941293,19.78200491,1.6,0,0
tech77,port,p63,cement,1002055,76065,32.512975,-96.971099,1986,2130000,0,1820000,1.44540168,0,0.06022507,0.030112535,0.770246948,0.006022507,0.141895672,1.08405126,0,0,0,0,0,0,0,0,0,0,1.159973256,,,,0.455175,0.29896798,,167.3941293,19.78200491,1.6,0,0
tech78,port,p50,cement,1002204,74820,34.76754,-96.69652,1906,620000,0,470000,1.833090941,0,0.076378789,0.038189395,0.976844514,0.007637879,0.141895672,1.374818205,0,0,0,0,0,0,0,0,0,0,1.159973256,,,,0.455175,0.416946383,,167.3941293,19.78200491,1.6,0,0
tech79,port,p107,cement,1002517,47172,38.415722,-85.749361,1870,1000000,0,650000,2.14065165,0,0.014271011,0.014271011,0.405597155,0.014271011,0.141108561,2.069296595,0,0,0,0,0,0,0,0,0,0,1.159973256,,,,0.455175,0.458068663,,167.3941293,19.78200491,1.6,0,0
tech80,port,p107,cement,1003891,47446,38.739074,-86.45703,1902,2800000,0,570000,2.141956912,0,0.014279713,0.014279713,0.405844467,0.014279713,0.141108561,2.070558348,0,0,0,0,0,0,0,0,0,0,1.159973256,,,,0.455175,0.464140787,,167.3941293,19.78200491,1.6,0,0
tech81,port,p122,cement,1005742,19522,40.472471,-75.895245,1910,1020000,0,560000,0.450730704,0,0,0.04507307,3.202560268,0.04507307,0.160706607,0.901461409,0,0,0,0,0,0,0,0,0,0,1.159973256,,,,0.455175,0.325965631,,167.3941293,19.78200491,1.6,0,0
tech82,port,p81,cement,1000243,62941,37.216805,-88.879849,1963,450000,0,330000,2.546763737,0,0.016978425,0.016978425,0.482544708,0.016978425,0.141108561,2.461871612,0,0,0,0,0,0,0,0,0,0,1.159973256,,,,0.455175,0.582843374,,167.3941293,19.78200491,1.6,0,0
tech83,port,p90,cement,1004810,36582,30.5349,-88.1121,1981,1360000,0,710000,1.031203753,0,0.042966823,0.021483412,0.549523053,0.004296682,0.141895672,0.773402815,0,0,0,0,0,0,0,0,0,0,1.159973256,,,,0.455175,0.237314199,,167.3941293,19.78200491,1.6,0,0
tech84,port,p34,cement,1003008,81226,38.328631,-105.008989,1912,1630000,0,1190000,1.74462284,0,0.023238376,0.023238376,0.595008211,0.023238376,0.112174447,1.465483186,0,0,0,0,0,0,0,0,0,0,1.159973256,,,,0.455175,0.356413339,,167.3941293,19.78200491,1.6,0,0
tech85,port,p121,cement,1004078,21742,39.6524,-77.6805,1903,860000,0,530000,1.362805029,0,0.056783543,0.028391771,0.726231628,0.005678354,0.141895672,1.022103772,0,0,0,0,0,0,0,0,0,0,1.159973256,,,,0.455175,0.314391631,,167.3941293,19.78200491,1.6,0,0
tech86,port,p80,cement,1006738,61301,41.329483,-89.081612,1973,830000,0,800000,2.609245433,0,0.01739497,0.01739497,0.494383345,0.01739497,0.141108561,2.522270585,0,0,0,0,0,0,0,0,0,0,1.159973256,,,,0.455175,0.540347156,,167.3941293,19.78200491,1.6,0,0
tech87,port,p122,cement,1005622,18014,40.715359,-75.400859,1928,1300000,0,580000,0.443109456,0,0,0.044310946,3.148409295,0.044310946,0.160706607,0.886218913,0,0,0,0,0,0,0,0,0,0,1.159973256,,,,0.455175,0.322980772,,167.3941293,19.78200491,1.6,0,0
tech88,port,p109,cement,1007997,40272,38.034696,-85.90601,1905,1700000,0,1510000,1.017999722,0,0.042416655,0.021208328,0.542486694,0.004241666,0.141895672,0.763499792,0,0,0,0,0,0,0,0,0,0,1.159973256,,,,0.455175,0.218401626,,167.3941293,19.78200491,1.6,0,0
tech89,port,p122,cement,1005639,18052,40.687646,-75.506305,1899,850000,0,400000,0.444097903,0,0,0.04440979,3.155432465,0.04440979,0.160706607,0.888195805,0,0,0,0,0,0,0,0,0,0,1.159973256,,,,0.455175,0.334090179,,167.3941293,19.78200491,1.6,0,0
tech90,port,p112,cement,1007766,45879,41.1809,-84.6048,1956,450000,0,310000,4.758170377,0,0.031721136,0.031721136,0.901548071,0.031721136,0.141108561,4.599564698,0,0,0,0,0,0,0,0,0,0,1.159973256,,,,0.455175,0.75396437,,167.3941293,19.78200491,1.6,0,0
tech91,port,p105,cement,1006136,46947,40.734521,-86.433441,1896,750000,0,290000,2.202138852,0,0.014680926,0.014680926,0.417247361,0.014680926,0.141108561,2.128734223,0,0,0,0,0,0,0,0,0,0,1.159973256,,,,0.455175,0.516534437,,167.3941293,19.78200491,1.6,0,0
tech92,port,p45,cement,1005352,50401,43.1788,-93.2118,1912,1340000,0,530000,1.582920231,0,0.010552802,0.010552802,0.299921728,0.010552802,0.141108561,1.530156224,0,0,0,0,0,0,0,0,0,0,1.159973256,,,,0.455175,0.363044118,,167.3941293,19.78200491,1.6,0,0
tech93,port,p63,cement,1002049,76712,31.481987,-97.240773,1969,150000,0,110000,3.261414408,0,0.135892267,0.067946134,1.737990573,0.013589227,0.141895672,2.446060806,0,0,0,0,0,0,0,0,0,0,1.159973256,,,,0.455175,0.860501651,,167.3941293,19.78200491,1.6,0,0
tech94,port,p123,cement,1002787,21791,39.560284,-77.171425,1910,1720000,0,1260000,4.700885682,0,0.195870237,0.097935118,2.505077238,0.019587024,0.141895672,3.525664261,0,0,0,0,0,0,0,0,0,0,1.159973256,,,,0.455175,0.541638813,,167.3941293,19.78200491,1.6,0,0
tech95,port,p122,cement,1000198,17404,39.94778,-76.76918,1897,130000,0,100000,0.472320966,0,0,0.047232097,3.355964758,0.047232097,0.160706607,0.944641932,0,0,0,0,0,0,0,0,0,0,1.159973256,,,,0.455175,0.446686338,,167.3941293,19.78200491,1.6,0,0
tech96,port,p51,cement,1004289,74361,36.29621,-95.331165,1962,800000,0,440000,1.845668132,0,0.076902839,0.038451419,0.983546834,0.007690284,0.141895672,1.384251099,0,0,0,0,0,0,0,0,0,0,1.159973256,,,,0.455175,0.42160778,,167.3941293,19.78200491,1.6,0,0
tech97,port,p72,cement,1006112,63701,37.2676,-89.5385,1909,2940000,0,1060000,1.546028382,0,0.010306856,0.010306856,0.292931693,0.010306856,0.141108561,1.494494103,0,0,0,0,0,0,0,0,0,0,1.159973256,,,,0.455175,0.326075277,,167.3941293,19.78200491,1.6,0,0
tech98,port,p105,cement,1005302,46135,39.616615,-86.868632,1924,1850000,0,1030000,2.141927367,0,0.014279516,0.014279516,0.40583887,0.014279516,0.141108561,2.070529788,0,0,0,0,0,0,0,0,0,0,1.159973256,,,,0.455175,0.442555729,,167.3941293,19.78200491,1.6,0,0
tech99,port,p127,cement,1005360,12143,42.546096,-73.672154,1962,2000000,0,1260000,0.521012855,0,0,0.052101286,3.701933444,0.052101286,0.160706607,1.04202571,0,0,0,0,0,0,0,0,0,0,1.159973256,,,,0.455175,0.35933994,,167.3941293,19.78200491,1.6,0,0
tech100,port,p127,cement,1000290,12801,43.3064,-73.6208,1893,1420000,0,280000,0.530065978,0,0,0.053006598,3.766258262,0.053006598,0.160706607,1.060131955,0,0,0,0,0,0,0,0,0,0,1.159973256,,,,0.455175,0.400869429,,167.3941293,19.78200491,1.6,0,0
tech101,port,p60,cement,1006110,79535,32.25,-100.458333,1951,1230000,0,780000,1.463830714,0,0.060992946,0.030496473,0.780067683,0.006099295,0.141895672,1.097873036,0,0,0,0,0,0,0,0,0,0,1.159973256,,,,0.455175,0.318168842,,167.3941293,19.78200491,1.6,0,0
tech102,port,p63,cement,1007792,76065,32.462679,-97.025572,1960,1710000,0,1400000,1.453040172,0,0.06054334,0.03027167,0.77431746,0.006054334,0.141895672,1.089780129,0,0,0,0,0,0,0,0,0,0,1.159973256,,,,0.455175,0.303563917,,167.3941293,19.78200491,1.6,0,0
tech103,port,p53,cement,1001701,66748,37.797162,-95.431386,1908,910000,0,660000,3.903916111,0,0.026026107,0.026026107,0.739689368,0.026026107,0.141108561,3.773785574,0,0,0,0,0,0,0,0,0,0,1.159973256,,,,0.455175,0.54852634,,167.3941293,19.78200491,1.6,0,0
tech104,port,p24,cement,1005978,82070,41.26109,-105.60319,1927,1580000,0,690000,1.763554139,0,0.023490541,0.023490541,0.60146478,0.023490541,0.112174447,1.481385477,0,0,0,0,0,0,0,0,0,0,1.159973256,,,,0.455175,0.373733985,,167.3941293,19.78200491,1.6,0,0
tech105,port,p64,cement,1007621,78132,29.803771,-98.039969,1980,1170000,0,850000,4.27738284,0,0.178224285,0.089112143,2.279394803,0.017822429,0.141895672,3.20803713,0,0,0,0,0,0,0,0,0,0,1.159973256,,,,0.455175,0.752369773,,167.3941293,19.78200491,1.6,0,0
tech106,port,p10,cement,1005662,92356,34.437557,-116.891034,1988,1110000,0,1010000,3.216463447,0,0.042843293,0.042843293,1.096983323,0.042843293,0.112174447,2.701829296,0,0,0,0,0,0,0,0,0,0,1.159973256,,,,0.455175,0.581117031,,167.3941293,19.78200491,1.6,0,0
tech107,port,p10,cement,1006642,93243,34.819863,-118.748732,1960,1000000,0,910000,2.121882887,0,0.02826348,0.02826348,0.723673742,0.02826348,0.112174447,1.782381625,0,0,0,0,0,0,0,0,0,0,1.159973256,,,,0.455175,0.347184838,,167.3941293,19.78200491,1.6,0,0
tech108,port,p12,cement,1004174,89408,39.62,-119.2628,1964,510000,0,500000,1.797794575,0,0.023946624,0.023946624,0.613142571,0.023946624,0.112174447,1.510147443,0,0,0,0,0,0,0,0,0,0,1.159973256,,,,0.455175,0.396266694,,167.3941293,19.78200491,1.6,0,0
tech109,port,p28,cement,1003643,86324,34.78141,-112.08271,1959,1320000,0,780000,1.881222989,0,0.02505789,0.02505789,0.641596051,0.02505789,0.112174447,1.58022731,0,0,0,0,0,0,0,0,0,0,1.159973256,,,,0.455175,0.396357509,,167.3941293,19.78200491,1.6,0,0
tech110,port,p72,cement,1003002,63028,38.1804,-90.3366,1965,1440000,0,1180000,5.195227233,0,0.034634848,0.034634848,0.984358844,0.034634848,0.141108561,5.022052992,0,0,0,0,0,0,0,0,0,0,1.159973256,,,,0.455175,0.903569369,,167.3941293,19.78200491,1.6,0,0
tech111,port,p118,cement,1000633,24175,37.4604,-79.9948,1951,1160000,0,1100000,1.342906748,0,0.055954448,0.027977224,0.715627938,0.005595445,0.141895672,1.007180061,0,0,0,0,0,0,0,0,0,0,1.159973256,,,,0.455175,0.289196546,,167.3941293,19.78200491,1.6,0,0
tech112,port,p92,cement,1000247,37405,35.101197,-85.345342,1923,630000,0,420000,5.01134801,0,0.208806167,0.104403084,2.670520979,0.020880617,0.141895672,3.758511007,0,0,0,0,0,0,0,0,0,0,1.159973256,,,,0.455175,0.936319654,,167.3941293,19.78200491,1.6,0,0
tech113,port,p101,cement,1000533,32008,29.9616,-82.8497,2003,910000,0,870000,1.283139995,0,0.053464166,0.026732083,0.68377855,0.005346417,0.141895672,0.962354996,0,0,0,0,0,0,0,0,0,0,1.159973256,,,,0.455175,0.283367305,,167.3941293,19.78200491,1.6,0,0
tech114,port,p101,cement,1003883,33585,28.760864,-82.025353,2006,1090000,0,780000,1.313558782,0,0.054731616,0.027365808,0.699988562,0.005473162,0.141895672,0.985169087,0,0,0,0,0,0,0,0,0,0,1.159973256,,,,0.455175,0.288829415,,167.3941293,19.78200491,1.6,0,0
tech115,port,p103,cement,1005629,49720,45.316951,-85.299349,1967,1390000,0,1060000,2.01304399,0,0.013420293,0.013420293,0.381418861,0.013420293,0.141108561,1.945942523,0,0,0,0,0,0,0,0,0,0,1.159973256,,,,0.455175,0.417710552,,167.3941293,19.78200491,1.6,0,0
tech116,port,p102,cement,1007052,33178,25.8739,-80.3756,2000,1900000,0,1710000,1.306328303,0,0.054430346,0.027215173,0.696135477,0.005443035,0.141895672,0.979746227,0,0,0,0,0,0,0,0,0,0,1.159973256,,,,0.455175,0.271405243,,167.3941293,19.78200491,1.6,0,0
tech117,port,p64,cement,1002102,78610,30.071044,-97.856833,1978,1040000,0,760000,4.144246191,0,0.172676925,0.086338462,2.208446984,0.017267692,0.141895672,3.108184644,0,0,0,0,0,0,0,0,0,0,1.159973256,,,,0.455175,0.731075502,,167.3941293,19.78200491,1.6,0,0
tech118,port,p10,cement,1002566,93561,35.12279,-118.369304,1908,907000,0,850000,1.373824485,0,0.018299342,0.018299342,0.468546456,0.018299342,0.112174447,1.154012568,0,0,0,0,0,0,0,0,0,0,1.159973256,,,,0.455175,0.294480163,,167.3941293,19.78200491,1.6,0,0
tech119,port,p18,cement,1006185,59752,45.944769,-111.477076,1910,430000,0,360000,1.837599327,0,0.024476823,0.024476823,0.626718086,0.024476823,0.112174447,1.543583435,0,0,0,0,0,0,0,0,0,0,1.159973256,,,,0.455175,0.419756688,,167.3941293,19.78200491,1.6,0,0
tech120,rspf_fbg,p48,glass,1003520,79118,35.12,-101.86,2015,211257.8499,0,169010,0,0,0,0,6.766817461,0,0.626260408,0,0,0,0,0,0,,,,0,0,0.12,0.062,0.74,0.11,0.165088,0.359047334,,902.3129636,19.09720684,0,0,0
tech121,rspf_flg,p94,glass,1002180,30354,33.67,-84.42,2015,145548.7678,0,116440,0,0,0,0,4.849824217,0,0.193819477,0,0,0,0,0,0,,,,0,0,0.13,0,0.72,0.09,0.176,0.257331673,,763.8882735,19.09720684,0,0,0
tech122,rspf_flg,p127,glass,1001987,13021,42.96,-76.56,2015,83950,0,67160,0,0,0,0,14.07259293,0,0.562400302,0,0,0,0,0,0,,,,0,0,0.13,0,0.72,0.09,0.176,0.746691781,,763.8882735,19.09720684,0,0,0
tech123,off_cng,p126,glass,1002504,8302,39.41,-75.22,2014,91250,0,73000,0,0,0,0,9.084344939,0,0.665589514,0,0,0,0,0,0,,,,0,0,0.12,0.248,0.74,0.11,0.132352,0.482015342,,477.4687173,19.09720684,0,0,0
tech124,rspf_flg,p122,glass,1001978,15823,41.25,-78.74,2015,229504.5392,0,183600,0,0,0,0,5.136748631,0,0.20528619,0,0,0,0,0,0,,,,0,0,0.13,0,0.72,0.09,0.176,0.272555882,,763.8882735,19.09720684,0,0,0
tech125,rspf_flg,p122,glass,1001980,15824,41.24,-78.79,2015,97826.96064,0,78260,0,0,0,0,3.477455713,0,0.13897383,0,0,0,0,0,0,,,,0,0,0.13,0,0.72,0.09,0.176,0.1845138,,763.8882735,19.09720684,0,0,0
tech126,repf_cng,p79,glass,1005977,53105,42.66,-88.29,2014,292000,0,233600,0,0,0,0.056575322,3.635204427,0,0.270488396,0,0,0,0,0,0,,,,0,0,0.12,0.248,0.74,0.11,0.132352,0.197068258,,477.4687173,19.09720684,0,0,0
tech127,rspf_flg,p103,glass,1002905,48117,42.09,-83.36,2016,438000,0,350400,0,0,0,0,5.53636133,0,0.221256402,0,0,0,0,0,0,,,,0,0,0.13,0,0.72,0.09,0.176,0.293759332,,763.8882735,19.09720684,0,0,0
tech128,off_flg,p122,glass,1002217,17015,40.13,-77.17,2012,421575,0,337260,0,0,0,0,6.496053013,0,0.259609739,0,0,0,0,0,0,,,,0,0,0.13,0,0.72,0.09,0.176,0.344680573,,763.8882735,19.09720684,0,0,0
tech129,rspf_cng,p115,glass,1009530,15022,40.14,-79.9,2010,113150,0,90520,0,0,0,0,4.373655734,0.013353443,0.321426292,0,0,0,0,0,0,,,,0,0,0.12,0.248,0.74,0.11,0.132352,0.232905704,,477.4687173,19.09720684,0,0,0
tech130,rspf_fbg,p95,glass,1000622,29706,34.73,-81.14,2015,101871.5744,0,81500,0,0,0,0,2.919262601,0,0.270174066,0,0,0,0,0,0,,,,0,0,0.12,0.062,0.74,0.11,0.165088,0.154896074,,902.3129636,19.09720684,0,0,0
tech131,rspf_flg,p92,glass,1005824,37642,36.5,-82.78,2012,465375,0,372300,0,0,0,0.000821128,5.973624495,0,0.238764103,0,0,0,0,0,0,,,,0,0,0.13,0,0.72,0.09,0.176,0.317021246,,763.8882735,19.09720684,0,0,0
tech132,rspf_fbg,p92,glass,1000351,37040,36.6,-87.27,2015,130512.1865,0,104410,0,0,0,0,3.581629845,0.00062231,0.331532912,0,0,0,0,0,0,,,,0,0,0.12,0.062,0.74,0.11,0.165088,0.190080404,,902.3129636,19.09720684,0,0,0
tech133,rspf_flg,p122,glass,1002439,16314,41.53,-80.21,2015,420695.9432,0,336560,0,0,0,0,6.458329395,0,0.258102144,0,0,0,0,0,0,,,,0,0,0.13,0,0.72,0.09,0.176,0.342678958,,763.8882735,19.09720684,0,0,0
tech134,rspf_flg,p63,glass,1002770,75110,32.06,-96.43,2015,229950,0,183960,0,0,0,0,7.550917139,0,0.301766569,0,0,0,0,0,0,,,,0,0,0.13,0,0.72,0.09,0.176,0.400651663,,763.8882735,19.09720684,0,0,0
tech135,rspf_flg,p83,glass,1004085,62521,39.78,-88.9,2015,451264.7191,0,361010,0,0,0,0,6.712692799,0,0.268267581,0,0,0,0,0,0,,,,0,0,0.13,0,0.72,0.09,0.176,0.35617548,,763.8882735,19.09720684,0,0,0
tech136,rspf_flg,p70,glass,1002864,52742,41.81,-90.52,2017,255500,0,204400,0,0,0,0,6.693016546,0,0.267481234,0,0,0,0,0,0,,,,0,0,0.13,0,0.72,0.09,0.176,0.355131458,,763.8882735,19.09720684,0,0,0
tech137,repf_cng,p80,glass,1000105,60419,41.64,-87.6,2014,306965,0,245570,0,0,0,0,4.015046358,0,0.294173413,0,0,0,0,0,0,,,,0,0,0.12,0.248,0.74,0.11,0.132352,0.21303836,,477.4687173,19.09720684,0,0,0
tech138,rspf_fbg,p94,glass,1013352,31021,32.5,-82.98,2015,114790.0439,0,91830,0,0,0,0,4.186362409,0,0.387442553,0,0,0,0,0,0,,,,0,0,0.12,0.062,0.74,0.11,0.165088,0.222128389,,902.3129636,19.09720684,0,0,0
tech139,off_cng,p105,glass,1000002,47336,40.37,-85.2,2012,427050,0,341640,0,0,0,0,3.802671648,0,0.278613196,0,0,0,0,0,0,,,,0,0,0.12,0.248,0.74,0.11,0.132352,0.201769758,,477.4687173,19.09720684,0,0,0
tech140,rspf_flg,p50,glass,1000329,74701,34,-96.45,2017,289445,0,231560,0,0,0,0,5.700383384,0,0.227811417,0,0,0,0,0,0,,,,0,0,0.13,0,0.72,0.09,0.176,0.302462342,,763.8882735,19.09720684,0,0,0
tech141,repf_cng,p127,glass,1002181,14903,42.12,-76.81,2020,299665,0,239730,0,0,0,0,4.778024165,0,0.35007508,0,0,0,0,0,0,,,,0,0,0.12,0.248,0.74,0.11,0.132352,0.253521962,,477.4687173,19.09720684,0,0,0
tech142,rspf_fbg,p92,glass,1007968,37331,35.37,-84.52,2015,267465.791,0,213970,0,0,0,0,6.568278847,0,0.607885911,0,0,0,0,0,0,,,,0,0,0.12,0.062,0.74,0.11,0.165088,0.348512876,,902.3129636,19.09720684,0,0,0
tech143,rspf_flg,p127,glass,1002160,14456,42.88,-76.97,2017,281050,0,224840,0,0,0,0,5.176760785,0,0.206885245,0,0,0,0,0,0,,,,0,0,0.13,0,0.72,0.09,0.176,0.274678927,,763.8882735,19.09720684,0,0,0
tech144,repf_cng,p98,glass,1000003,27537,36.29,-78.39,2014,257325,0,205860,0,0,0,0.000399333,4.48658124,0.128130615,0.338138813,0,0,0,0,0,0,,,,0,0,0.12,0.248,0.74,0.11,0.132352,0.246143107,,477.4687173,19.09720684,0,0,0
tech145,off_cng,p51,glass,1005074,74437,35.45,-95.96,2018,337625,0,270100,0,0,0,0,3.494452711,0,0.256030688,0,0,0,0,0,0,,,,0,0,0.12,0.248,0.74,0.11,0.132352,0.185415661,,477.4687173,19.09720684,0,0,0
tech146,repf_cng,p67,glass,1003258,77029,29.76,-95.26,2011,255500,0,204400,0,0,0,0,3.487062425,0,0.255489218,0,0,0,0,0,0,,,,0,0,0.12,0.248,0.74,0.11,0.132352,0.185023532,,477.4687173,19.09720684,0,0,0
tech147,rspf_flg,p92,glass,1004852,38301,35.63,-88.91,2015,145314.116,0,116250,0,0,0,0,5.173337548,0,0.206748438,0,0,0,0,0,0,,,,0,0,0.13,0,0.72,0.09,0.176,0.27449729,,763.8882735,19.09720684,0,0,0
tech148,off_cng,p101,glass,1004941,32254,30.35,-81.71,2020,216080,0,172860,0,0,0,0,4.670702798,0,0.342211885,0,0,0,0,0,0,,,,0,0,0.12,0.248,0.74,0.11,0.132352,0.24782749,,477.4687173,19.09720684,0,0,0
tech149,rspf_cng,p85,glass,1005906,72401,35.85,-90.71,2014,102200,0,81760,0,0,0,0,5.900888611,0,0.432344832,0,0,0,0,0,0,,,,0,0,0.12,0.248,0.74,0.11,0.132352,0.31310115,,477.4687173,19.09720684,0,0,0
tech150,rspf_flg,p9,glass,1007904,93631,36.49,-119.53,2015,255500,0,204400,0,0,0,0,6.879871622,0,0.274948753,0,0,0,0,0,0,,,,0,0,0.13,0,0.72,0.09,0.176,0.365045988,,763.8882735,19.09720684,0,0,0
tech151,repf_cng,p112,glass,1004508,43130,39.72,-82.62,2014,172799.9533,0,138240,0,0,0,0,5.916577342,0,0.43349431,0,0,0,0,0,0,,,,0,0,0.12,0.248,0.74,0.11,0.132352,0.313933594,,477.4687173,19.09720684,0,0,0
tech152,repf_flg,p105,glass,1006551,46051,40.06,-85.85,2015,228125,0,182500,0,0,0,0,4.310876805,0,0.17228086,0,0,0,0,0,0,,,,0,0,0.13,0,0.72,0.09,0.176,0.228735123,,763.8882735,19.09720684,0,0,0
tech153,rspf_flg,p98,glass,1003849,28352,34.75,-79.41,2023,345655,0,276520,0,0,0,0.001621159,12.01448974,0,0.480214587,0,0,0,0,0,0,,,,0,0,0.13,0,0.72,0.09,0.176,0.637608726,,763.8882735,19.09720684,0,0,0
tech154,repf_cng,p107,glass,1002178,47025,39.13,-84.86,2014,127750,0,102200,0,0,0,0,5.134734669,0,0.376210456,0,0,0,0,0,0,,,,0,0,0.12,0.248,0.74,0.11,0.132352,0.272449022,,477.4687173,19.09720684,0,0,0
tech155,rspf_fbg,p97,glass,1002322,27292,35.76,-80.28,2015,235425,0,188340,0,0,0,0,2.990591596,0.003899185,0.277136339,0,0,0,0,0,0,,,,0,0,0.12,0.062,0.74,0.11,0.165088,0.158925932,,902.3129636,19.09720684,0,0,0
tech156,rspf_flg,p97,glass,1002911,27295,35.95,-80.21,2015,235425,0,188340,0,0,0,0,4.669384962,0,0.186608362,0,0,0,0,0,0,,,,0,0,0.13,0,0.72,0.09,0.176,0.247757566,,763.8882735,19.09720684,0,0,0
tech157,repf_cng,p82,glass,1000004,62656,40.16,-89.35,2014,173307.4446,0,138650,0,0,0,0,4.946644376,0,0.362429503,0,0,0,0,0,0,,,,0,0,0.12,0.248,0.74,0.11,0.132352,0.262468951,,477.4687173,19.09720684,0,0,0
tech158,repf_cng,p9,glass,1000005,93637,36.92,-120.1,2014,347480,0,277980,0,0,0,0,3.719213408,0,0.272498398,0,0,0,0,0,0,,,,0,0,0.12,0.248,0.74,0.11,0.132352,0.197341463,,477.4687173,19.09720684,0,0,0
tech159,rspf_flg,p46,glass,1005558,54751,44.91,-91.88,2015,209875,0,167900,0,0,0,0,6.986880574,0,0.279225283,0,0,0,0,0,0,,,,0,0,0.13,0,0.72,0.09,0.176,0.370723883,,763.8882735,19.09720684,0,0,0
tech160,repf_cng,p131,glass,1000006,1757,42.13,-71.52,2014,79572.1262,0,63660,0,0,0,0,2.439576344,0,0.17874227,0,0,0,0,0,0,,,,0,0,0.12,0.248,0.74,0.11,0.132352,0.129443921,,477.4687173,19.09720684,0,0,0
tech161,repf_cng,p126,glass,1007966,8332,39.39,-75.02,2016,133225,0,106580,0,0,0,0,12.18757155,0,0.892955945,0,0,0,0,0,0,,,,0,0,0.12,0.248,0.74,0.11,0.132352,0.646672546,,477.4687173,19.09720684,0,0,0
tech162,rspf_cng,p9,glass,1001718,95354,37.63,-120.97,2013,736570,0,589260,0,0,0,0,2.780054149,0,0.203688312,0,0,0,0,0,0,,,,0,0,0.12,0.248,0.74,0.11,0.132352,0.147509673,,477.4687173,19.09720684,0,0,0
tech163,off_cng,p115,glass,1006810,15061,40.69,-80.27,2019,104025,0,83220,0,0,0,0.030745979,6.73844359,5.57E-05,0.495967372,0,0,0,0,0,0,,,,0,0,0.12,0.248,0.74,0.11,0.132352,0.359819293,,477.4687173,19.09720684,0,0,0
tech164,rspf_flg,p97,glass,1005915,28115,35.64,-80.79,2015,237250,0,189800,0,0,0,0,6.315619989,0,0.252398873,0,0,0,0,0,0,,,,0,0,0.13,0,0.72,0.09,0.176,0.335106797,,763.8882735,19.09720684,0,0,0
tech165,rspf_flg,p51,glass,1001961,74403,35.67,-95.27,2015,231775,0,185420,0,0,0,0,4.240729464,0,0.169477476,0,0,0,0,0,0,,,,0,0,0.13,0,0.72,0.09,0.176,0.225013105,,763.8882735,19.09720684,0,0,0
tech166,rspf_flg,p92,glass,1004724,37209,36.18,-86.88,2008,219000,0,175200,0,0,0,0,7.044215904,0,0.281516645,0,0,0,0,0,0,,,,0,0,0.13,0,0.72,0.09,0.176,0.373766096,,763.8882735,19.09720684,0,0,0
tech167,rspf_flg,p80,glass,1004072,61350,41.38,-88.85,2015,219000,0,175200,0,0,0,0,7.01019523,0,0.280157035,0,0,0,0,0,0,,,,0,0,0.13,0,0.72,0.09,0.176,0.371960959,,763.8882735,19.09720684,0,0,0
tech168,rspf_flg,p72,glass,1000789,63601,37.86,-90.52,2015,133574.7255,0,106860,0,0,0,0,4.566562321,0,0.182499134,0,0,0,0,0,0,,,,0,0,0.13,0,0.72,0.09,0.176,0.242301797,,763.8882735,19.09720684,0,0,0
tech169,repf_cng,p72,glass,1000028,63070,38.3,-90.4,2013,296380,0,237100,0,0,0,0,3.984365201,0,0.291925473,0,0,0,0,0,0,,,,0,0,0.12,0.248,0.74,0.11,0.132352,0.211410418,,477.4687173,19.09720684,0,0,0
tech170,repf_cng,p122,glass,1000020,16743,41.82,-78.29,2014,178850,0,143080,0,0,0,0,5.812792202,0,0.425890206,0,0,0,0,0,0,,,,0,0,0.12,0.248,0.74,0.11,0.132352,0.308426754,,477.4687173,19.09720684,0,0,0
tech171,rspf_flg,p76,glass,1005358,53901,43.56,-89.5,2015,237250,0,189800,0,0,0,0,6.912263469,0,0.276243268,0,0,0,0,0,0,,,,0,0,0.13,0,0.72,0.09,0.176,0.3667647,,763.8882735,19.09720684,0,0,0
tech172,rspf_flg,p5,glass,1006053,97220,45.56,-122.56,2015,146000,0,116800,0,0,0,0,4.752012454,0,0.189910506,0,0,0,0,0,0,,,,0,0,0.13,0,0.72,0.09,0.176,0.252141781,,763.8882735,19.09720684,0,0,0
tech173,rspf_flg,p95,glass,1002924,29729,34.68,-81.01,2016,281050,0,224840,0,0,0,0,6.939823791,0,0.277344695,0,0,0,0,0,0,,,,0,0,0.13,0,0.72,0.09,0.176,0.36822705,,763.8882735,19.09720684,0,0,0
tech174,rspf_flg,p99,glass,1002929,24586,36.6,-79.32,2014,83950,0,67160,0,0,0,0,8.555040795,0,0.341895595,0,0,0,0,0,0,,,,0,0,0.13,0,0.72,0.09,0.176,0.453930465,,763.8882735,19.09720684,0,0,0
tech175,off_flg,p111,glass,1002499,43460,41.62,-83.56,2015,470850,0,376680,0,0,0,0.010901764,6.058634926,0,0.242564344,0,0,0,0,0,0,,,,0,0,0.13,0,0.72,0.09,0.176,0.322277464,,763.8882735,19.09720684,0,0,0
tech176,repf_cng,p51,glass,1000023,74066,36.01,-96.1,2011,392740,0,314190,0,0,0,0,4.202308818,0,0.307893712,0,0,0,0,0,0,,,,0,0,0.12,0.248,0.74,0.11,0.132352,0.222974506,,477.4687173,19.09720684,0,0,0
tech177,repf_cng,p1,glass,1000024,98134,47.55,-122.34,2010,298205,0,238560,0,0,0,0.000667653,4.234012253,0,0.310265469,0,0,0,0,0,0,,,,0,0,0.12,0.248,0.74,0.11,0.132352,0.22470607,,477.4687173,19.09720684,0,0,0
tech178,rspf_fbg,p54,glass,1004660,65301,38.7,-93.26,2015,133481.9945,0,106790,0,0,0,0,5.130590677,0,0.474829686,0,0,0,0,0,0,,,,0,0,0.12,0.062,0.74,0.11,0.165088,0.272229141,,902.3129636,19.09720684,0,0,0
tech179,repf_cng,p43,glass,1004942,55379,44.8,-93.47,2014,258420,0,206740,0,0,0,0,4.207254352,0,0.30825606,0,0,0,0,0,0,,,,0,0,0.12,0.248,0.74,0.11,0.132352,0.223236916,,477.4687173,19.09720684,0,0,0
tech180,rspf_fbg,p97,glass,1002262,28150,35.33,-81.62,2015,251246.6925,0,201000,0,0,0,0.001431458,6.57976889,0,0.609081779,0,0,0,0,0,0,,,,0,0,0.12,0.062,0.74,0.11,0.165088,0.349228408,,902.3129636,19.09720684,0,0,0
tech181,emf_cng,p58,glass,1005122,71109,32.47,-93.8,2014,32850,0,26280,0,0,0,0.005132047,33.0006351,0,2.418258296,0,0,0,0,0,0,,,,0,0,0.12,0.248,0.74,0.11,0.132352,1.751393265,,477.4687173,19.09720684,0,0,0
tech182,repf_cng,p86,glass,1000021,71275,32.54,-92.77,2014,213225.0445,0,170580,0,0,0,0,5.439889193,0,0.398568441,0,0,0,0,0,0,,,,0,0,0.12,0.248,0.74,0.11,0.132352,0.288640521,,477.4687173,19.09720684,0,0,0
tech183,rspf_flg,p53,glass,1004631,66083,38.76,-94.82,2015,209875,0,167900,0,0,0,0,7.819358758,0,0.312494631,0,0,0,0,0,0,,,,0,0,0.13,0,0.72,0.09,0.176,0.414895176,,763.8882735,19.09720684,0,0,0
tech184,rspf_fbg,p95,glass,1007952,29684,34.44,-82.66,2015,116875.3052,0,93500,0,0,0,0,4.604392969,0,0.426130753,0,0,0,0,0,0,,,,0,0,0.12,0.062,0.74,0.11,0.165088,0.244309091,,902.3129636,19.09720684,0,0,0
tech185,recf_flg,p80,glass,1002189,61364,41.13,-88.83,2015,83950,0,67160,0,0,0,0,10.9750455,0,0.438609213,0,0,0,0,0,0,,,,0,0,0.13,0,0.72,0.09,0.176,0.582335914,,763.8882735,19.09720684,0,0,0
tech186,recf_flg,p99,glass,1006050,23168,37.39,-76.8,2009,83950,0,67160,0,0,0,0,9.863933017,0,0.394204461,0,0,0,0,0,0,,,,0,0,0.13,0,0.72,0.09,0.176,0.523380286,,763.8882735,19.09720684,0,0,0
tech187,repf_cng,p111,glass,1005121,43697,41.67,-83.52,2014,62050,0,49640,0,0,0,0.006236084,20.702712,0,1.517298031,0,0,0,0,0,0,,,,0,0,0.12,0.248,0.74,0.11,0.132352,1.098947119,,477.4687173,19.09720684,0,0,0
tech188,repf_flg,p9,glass,1002007,95376,37.72,-121.49,2015,251850,0,201480,0,0,0,0,5.450337499,0,0.217818527,0,0,0,0,0,0,,,,0,0,0.13,0,0.72,0.09,0.176,0.289194908,,763.8882735,19.09720684,0,0,0
tech189,rspf_flg,p10,glass,1007823,90058,34,-118.22,2015,179235.4037,0,143390,0,0,0,0,5.36278047,0,0.214319378,0,0,0,0,0,0,,,,0,0,0.13,0,0.72,0.09,0.176,0.284549132,,763.8882735,19.09720684,0,0,0
tech190,rspf_flg,p63,glass,1007499,76711,31.51,-97.17,2015,293780.9563,0,235020,0,0,0,0,5.701271127,0,0.227846895,0,0,0,0,0,0,,,,0,0,0.13,0,0.72,0.09,0.176,0.302509446,,763.8882735,19.09720684,0,0,0
tech191,repf_cng,p94,glass,1004943,31088,32.59,-83.59,2014,337625,0,270100,0,0,0,0,4.271454793,0,0.312959882,0,0,0,0,0,0,,,,0,0,0.12,0.248,0.74,0.11,0.132352,0.226643391,,477.4687173,19.09720684,0,0,0
tech192,rspf_fbg,p111,glass,1002907,43566,41.53,-83.71,2015,210294.2346,0,168240,0,0,0,0,5.741851203,0,0.531401076,0,0,0,0,0,0,,,,0,0,0.12,0.062,0.74,0.11,0.165088,0.304662625,,902.3129636,19.09720684,0,0,0
tech193,off_cng,p33,glass,1003465,80033,39.79,-105.12,2011,116800,0,93440,0,0,0,0.000206198,9.662128103,0,0.707937494,0,0,0,0,0,0,,,,0,0,0.12,0.248,0.74,0.11,0.132352,0.512687768,,477.4687173,19.09720684,0,0,0
tech194,rspf_flg,p63,glass,1006397,76305,34,-98.55,2015,419750,0,335800,0,0,0,0,7.730154564,0,0.308929654,0,0,0,0,0,0,,,,0,0,0.13,0,0.72,0.09,0.176,0.410162001,,763.8882735,19.09720684,0,0,0
tech195,repf_cng,p98,glass,1000026,27893,35.76,-77.88,2014,221916.0127,0,177530,0,0,0,0.040821413,5.07304351,0,0.374681377,0,0,0,0,0,0,,,,0,0,0.12,0.248,0.74,0.11,0.132352,0.27219484,,477.4687173,19.09720684,0,0,0
tech196,repf_cng,p105,glass,1006060,47394,40.17,-84.97,2014,289080,0,231260,0,0,0,0,4.53753995,0,0.332455343,0,0,0,0,0,0,,,,0,0,0.12,0.248,0.74,0.11,0.132352,0.24076187,,477.4687173,19.09720684,0,0,0
tech197,rspf_flg,p33,glass,1001975,80550,40.46,-104.85,2015,293314.4933,0,234650,0,0,0,0,5.31901255,0,0.212570226,0,0,0,0,0,0,,,,0,0,0.13,0,0.72,0.09,0.176,0.282226806,,763.8882735,19.09720684,0,0,0
tech198,rspf_flg,p2,glass,1004225,98596,46.54,-122.93,2015,237250,0,189800,0,0,0,0,6.643687664,0,0.265509844,0,0,0,0,0,0,,,,0,0,0.13,0,0.72,0.09,0.176,0.352514067,,763.8882735,19.09720684,0,0,0
tech199,repf_flg,p112,glass,1002226,43701,39.95,-82.02,2017,260245,0,208200,0,0,0,0,4.993210883,0,0.199549815,0,0,0,0,0,0,,,,0,0,0.13,0,0.72,0.09,0.176,0.264939769,,763.8882735,19.09720684,0,0,0
tech200,bf_bof,p105,steel,1003962,46304,41.634,-87.131,1964,4540000,0,3933478.986,0.831397064,17.20287833,0,0,4.697418,0,0.440296,0,0,0,0,0,0,0,0,0,0.254,1.102,0,,,,0,1.932638,,847.0519384,76.78909265,0,0,0
tech201,merch_bf_bof,p111,steel,1007177,44105,41.4739,-81.6728,1880,3080000,0,3035765.073,0.730822693,0,12.7997403,0,3.128342,0,0.406961,0,0,0,0,0,0,0,0,0,0.254,1.102,0,,,,0,1.690123,,847.0519384,76.78909265,0,0,0
tech202,merch_bf_bof,p103,steel,1003403,48120,42.301742,-83.162934,1920,2720000,0,2506863.648,0.781569601,0,13.68852939,0,2.273126,0,0.406961,0,0,0,0,0,0,0,0,0,0.254,1.102,0,,,,0,1.750578,,847.0519384,76.78909265,0,0,0
tech203,merch_bf_bof,p105,steel,1000156,46312,41.68,-87.4264,1901,5810000,-2180000,4837272.226,0.865177212,0,15.15284585,0.00015056,2.140859,0,0.406961,0,0,0,0,0,0,0,0,0,0.254,1.102,0,,,,0,1.917935,,847.0519384,76.78909265,0,0,0
tech204,merch_bf_bof,p114,steel,1000274,45043,39.4968,-84.3901,1901,2720000,0,2313338.414,0.846952789,0,14.83366053,0,3.059936,0,0.406961,0,0,0,0,0,0,0,0,0,0.254,1.102,0,,,,0,1.928683,,847.0519384,76.78909265,0,0,0
tech205,bof,p80,steel,1006325,60827,41.656474,-87.625847,1917,630000,0,630000,0.831397064,17.20287833,0,0,4.697418,0,0.440296,0,0,0,0,0,0,0,0,0,0.254,1.102,0,,,,0,1.932638,,847.0519384,76.78909265,0,0,0
tech206,merch_bf_bof,p115,steel,1000233,15104,40.3925,-79.8564,1875,2630000,0,2350827.595,0.805868975,0,14.11411234,0,2.518043,0,0.406961,0,0,0,0,0,0,0,0,0,0.254,1.102,0,,,,0,1.81425,,847.0519384,76.78909265,0,0,0
tech207,merch_bf_bof,p105,steel,1000418,46402,41.6133,-87.3281,1908,6800000,0,4721765.019,1.037370779,0,18.1686703,0,3.510579,0,0.406961,0,0.094752041,0,0,0,0,0,0,0,0.254,1.102,0,,,,0,2.356828,,847.0519384,76.78909265,0,0,0
tech208,merch_bf_bof,p81,steel,1006041,62040,38.6954,-90.1367,1895,2540000,0,1386241.088,1.319849516,0,23.11604605,0,5.007632,0,0.406961,0,0,0,0,0,0,0,0,0,0.254,1.102,0,,,,0,3.018256,,847.0519384,76.78909265,0,0,0
tech209,merch_bf_bof,p103,steel,1001834,48229,42.2581,-83.13859,1902,3450000,-3450000,2862447.949,0.868182375,0,15.20547874,0,3.061383,0,0.406961,0,0,0,0,0,0,0,0,0,0.254,1.102,0,,,,0,1.973035,,847.0519384,76.78909265,0,0,0
tech210,eaf,p115,steel,1004434,15650,40.302598,-79.372804,1913,50000,0,39660.41682,0,0,0,0,2.371438,0,0.726419,0,0,0,0,0,0,0,0,0,1.11,0,0,,,,0,0.125829,,141.7573115,46.79764245,0,0,0
tech211,eaf,p115,steel,1000399,15021,40.4077,-80.4053,1966,30000,0,23796.25009,0,0,0,0,2.371438,0,0.726419,0,0,0,0,0,0,0,0,0,1.11,0,0,,,,0,0.125829,,141.7573115,46.79764245,0,0,0
tech212,eaf,p122,steel,1003668,19320,39.98301,-75.82791,1810,180000,0,142777.5006,0,0,0,0,2.371438,0,0.726419,0,0,0,0,0,0,0,0,0,1.11,0,0,,,,0,0.125829,,141.7573115,46.79764245,0,0,0
tech213,eaf,p57,steel,1012352,75603,32.3817587,-94.7070616,1953,110000,0,87252.91701,0,0,0,0,2.371438,0,0.726419,0,0,0,0,0,0,0,0,0,1.11,0,0,,,,0,0.125829,,141.7573115,46.79764245,0,0,0
tech214,eaf,p115,steel,1002903,16003,40.82926,-79.94273,1908,360000,0,285555.0011,0,0,0,0,2.371438,0,0.726419,0,0,0,0,0,0,0,0,0,1.11,0,0,,,,0,0.125829,,141.7573115,46.79764245,0,0,0
tech215,eaf,p117,steel,1006972,25726,38.4265,-82.42532,2000,90000,0,71388.75028,0,0,0,0,2.371438,0,0.726419,0,0,0,0,0,0,0,0,0,1.11,0,0,,,,0,0.125829,,141.7573115,46.79764245,0,0,0
tech216,eaf,p115,steel,1005423,15017,40.36682,-80.09976,2000,100000,0,79320.83365,0,0,0,0,2.371438,0,0.726419,0,0,0,0,0,0,0,0,0,1.11,0,0,,,,0,0.125829,,141.7573115,46.79764245,0,0,0
tech217,eaf,p122,steel,1004036,19601,40.361105,-75.936838,1890,410000,0,325215.418,0,0,0,0,2.371438,0,0.726419,0,0,0,0,0,0,0,0,0,1.11,0,0,,,,0,0.125829,,141.7573115,46.79764245,0,0,0
tech218,eaf,p122,steel,1005536,17009,40.636944,-77.571944,1795,210000,0,166573.7507,0,0,0,0,2.371438,0,0.726419,0,0,0,0,0,0,0,0,0,1.11,0,0,,,,0,0.125829,,141.7573115,46.79764245,0,0,0
tech219,eaf,p111,steel,1003860,44706,40.780505,-81.397259,1917,1090000,0,864597.0867,0,0,0,0,2.371438,0,0.726419,0,0,0,0,0,0,0,0,0,1.11,0,0,,,,0,0.125829,,141.7573115,46.79764245,0,0,0
tech220,eaf,p112,steel,1006530,44903,40.78513,-82.52384,1909,270000,0,214166.2508,0,0,0,0,2.371438,0,0.726419,0,0,0,0,0,0,0,0,0,1.11,0,0,,,,0,0.125829,,141.7573115,46.79764245,0,0,0
tech221,eaf,p115,steel,1005003,15014,40.6081,-79.7291,1901,450000,0,356943.7514,0,0,0,0,2.371438,0,0.726419,0,0,0,0,0,0,0,0,0,1.11,0,0,,,,0,0.125829,,141.7573115,46.79764245,0,0,0
tech222,eaf,p5,steel,1001840,97203,45.62849,-122.78125,1928,450000,0,356943.7514,0,0,0,0,2.371438,0,0.726419,0,0,0,0,0,0,0,0,0,1.11,0,0,,,,0,0.125829,,141.7573115,46.79764245,0,0,0
tech223,eaf,p111,steel,1002768,44510,41.128041,-80.671532,1999,630000,0,499721.252,0,0,0,0,2.371438,0,0.726419,0,0,0,0,0,0,0,0,0,1.11,0,0,,,,0,0.125829,,141.7573115,46.79764245,0,0,0
tech224,eaf,p90,steel,1005283,36505,30.943048,-88.012823,2001,1130000,0,896325.4202,0,0,0,0,2.371438,0,0.726419,0,0,0,0,0,0,0,0,0,1.11,0,0,,,,0,0.125829,,141.7573115,46.79764245,0,0,0
tech225,eaf,p34,steel,1003902,81004,38.232627,-104.607257,1880,1000000,0,793208.3365,0,0,0,0,2.371438,0,0.726419,0,0,0,0,0,0,0,0,0,1.11,0,0,,,,0,0.125829,,141.7573115,46.79764245,0,0,0
tech226,eaf,p109,steel,1002977,41045,38.734905,-85.002554,1990,1450000,0,1150152.088,0,0,0,0,2.371438,0,0.726419,0,0,0,0,0,0,0,0,0,1.11,0,0,,,,0,0.125829,,141.7573115,46.79764245,0,0,0
tech227,eaf,p79,steel,1006901,53080,43.39695,-87.94966,1978,500000,0,396604.1682,0,0,0,0,2.371438,0,0.726419,0,0,0,0,0,0,0,0,0,1.11,0,0,,,,0,0.125829,,141.7573115,46.79764245,0,0,0
tech228,eaf,p105,steel,1003688,46167,39.876783,-86.482113,2004,660000,0,523517.5021,0,0,0,0,2.371438,0,0.726419,0,0,0,0,0,0,0,0,0,1.11,0,0,,,,0,0.125829,,141.7573115,46.79764245,0,0,0
tech229,eaf,p70,steel,1002147,52761,41.48553,-90.82278,1997,1130000,0,896325.4202,0,0,0,0,2.371438,0,0.726419,0,0,0,0,0,0,0,0,0,1.11,0,0,,,,0,0.125829,,141.7573115,46.79764245,0,0,0
tech230,eaf,p122,steel,1004215,17113,40.226389,-76.848611,1867,450000,0,356943.7514,0,0,0,0,2.371438,0,0.726419,0,0,0,0,0,0,0,0,0,1.11,0,0,,,,0,0.125829,,141.7573115,46.79764245,0,0,0
tech231,eaf,p82,steel,1004811,61641,40.642503,-89.645771,2000,660000,0,523517.5021,0,0,0,0,2.371438,0,0.726419,0,0,0,0,0,0,0,0,0,1.11,0,0,,,,0,0.125829,,141.7573115,46.79764245,0,0,0
tech232,eaf,p103,steel,1004411,48161,41.897173,-83.361645,1929,600000,0,475925.0019,0,0,0,0,2.371438,0,0.726419,0,0,0,0,0,0,0,0,0,1.11,0,0,,,,0,0.125829,,141.7573115,46.79764245,0,0,0
tech233,eaf,p105,steel,1007866,46368,41.62225,-87.161639,1959,700000,0,555245.8355,0,0,0,0,2.371438,0,0.726419,0,0,0,0,0,0,0,0,0,1.11,0,0,,,,0,0.125829,,141.7573115,46.79764245,0,0,0
tech234,eaf,p63,steel,1005344,76065,32.458249,-97.036607,1975,1410000,0,1118423.754,0,0,0,0,2.371438,0,0.726419,0,0,0,0,0,0,0,0,0,1.11,0,0,,,,0,0.125829,,141.7573115,46.79764245,0,0,0
tech235,eaf,p103,steel,1003965,49203,42.202661,-84.363023,1974,280000,20000,222098.3342,0,0,0,0,2.371438,0,0.726419,0,0,0,0,0,0,0,0,0,1.11,0,0,,,,0,0.125829,,141.7573115,46.79764245,0,0,0
tech236,eaf,p92,steel,1003093,38109,35.04991,-90.15314,2009,810000,0,642498.7525,0,0,0,0.000991599,2.371438,2.41E-05,0.726419,0,0,0,0,0,0,0,0,0,1.11,0,0,,,,0,0.125903,,141.7573115,46.79764245,0,0,0
tech237,eaf,p112,steel,1007577,43302,40.5707,-83.1388,1916,360000,0,285555.0011,0,0,0,0.000557774,2.371438,0,0.726419,0,0,0,0,0,0,0,0,0,1.11,0,0,,,,0,0.12587,,141.7573115,46.79764245,0,0,0
tech238,eaf,p59,steel,1003580,79821,31.96534,-106.585052,1962,230000,0,182437.9174,0,0,0,0,2.371438,0,0.726419,0,0,0,0,0,0,0,0,0,1.11,0,0,,,,0,0.125829,,141.7573115,46.79764245,0,0,0
tech239,eaf,p89,steel,1003457,35404,33.23375,-87.50693,1985,1090000,0,864597.0867,0,0,0,0.000114394,2.371438,0,0.726419,0,0,0,0,0,0,0,0,0,1.11,0,0,,,,0,0.125837,,141.7573115,46.79764245,0,0,0
tech240,eaf,p56,steel,1003052,72916,35.3025,-94.375278,1984,500000,50000,396604.1682,0,0,0,0,2.371438,0,0.726419,0,0,0,0,0,0,0,0,0,1.11,0,0,,,,0,0.125829,,141.7573115,46.79764245,0,0,0
tech241,eaf,p25,steel,1005777,84330,41.8825,-112.1964,1981,820000,0,650430.8359,0,0,0,3.75E-05,2.371438,0,0.726419,0,0,0,0,0,0,0,0,0,1.11,0,0,,,,0,0.125831,,141.7573115,46.79764245,0,0,0
tech242,eaf,p111,steel,1003474,44125,41.442661,-81.66421,1996,580000,0,460060.8352,0,0,0,0,2.371438,0,0.726419,0,0,0,0,0,0,0,0,0,1.11,0,0,,,,0,0.125829,,141.7573115,46.79764245,0,0,0
tech243,eaf,p96,steel,1007946,29540,34.375958,-79.896878,1969,820000,0,650430.8359,0,0,0,1.78E-05,2.371438,0,0.726419,0,0,0,0,0,0,0,0,0,1.11,0,0,,,,0,0.12583,,141.7573115,46.79764245,0,0,0
tech244,eaf,p92,steel,1004493,38305,35.72409,-88.81766,1981,610000,150000,483857.0852,0,0,0,0,2.371438,0,0.726419,0,0,0,0,0,0,0,0,0,1.11,0,0,,,,0,0.125829,,141.7573115,46.79764245,0,0,0
tech245,eaf,p63,steel,1005832,75846,31.354802,-96.165199,1975,820000,0,650430.8359,0,0,0,5.13E-05,2.371438,0.022241929,0.726419,0,0,0,0,0,0,0,0,0,1.11,0,0,,,,0,0.127231,,141.7573115,46.79764245,0,0,0
tech246,eaf,p70,steel,1003577,52778,41.585661,-91.042156,1976,270000,50000,214166.2508,0,0,0,0,2.371438,0,0.726419,0,0,0,0,0,0,0,0,0,1.11,0,0,,,,0,0.125829,,141.7573115,46.79764245,0,0,0
tech247,eaf,p98,steel,1002958,27922,36.355216,-76.81115,2000,1400000,0,1110491.671,0,0,0,0,2.371438,0,0.726419,0,0,0,0,0,0,0,0,0,1.11,0,0,,,,0,0.125829,,141.7573115,46.79764245,0,0,0
tech248,eaf,p66,steel,1007348,77662,30.082397,-94.074476,1976,630000,0,499721.252,0,0,0,0,2.371438,0,0.726419,0,0,0,0,0,0,0,0,0,1.11,0,0,,,,0,0.125829,,141.7573115,46.79764245,0,0,0
tech249,eaf,p85,steel,1007642,72316,35.901866,-89.775643,1988,2390000,0,1895767.924,0,0,0,0,2.371438,0.006103144,0.726419,0,0,0,0,0,0,0,0,0,1.11,0,0,,,,0,0.126212,,141.7573115,46.79764245,0,0,0
tech250,eaf,p40,steel,1007695,68701,42.078346,-97.360153,1979,1030000,0,817004.5866,0,0,0,8.65E-05,2.371438,0,0.726419,0,0,0,0,0,0,0,0,0,1.11,0,0,,,,0,0.125835,,141.7573115,46.79764245,0,0,0
tech251,eaf,p90,steel,1010763,36513,31.1522,-87.9858,2010,910000,0,721819.5862,0,0,0,0,2.371438,0,0.726419,0,0,0,0,0,0,0,0,0,1.11,0,0,,,,0,0.125829,,141.7573115,46.79764245,0,0,0
tech252,eaf,p122,steel,1001669,16101,40.99341,-80.34696,1985,370000,0,293487.0845,0,0,0,0,2.371438,0,0.726419,0,0,0,0,0,0,0,0,0,1.11,0,0,,,,0,0.125829,,141.7573115,46.79764245,0,0,0
tech253,eaf,p89,steel,1004152,35234,33.54539,-86.8093,2000,450000,0,356943.7514,0,0,0,0,2.371438,0,0.726419,0,0,0,0,0,0,0,0,0,1.11,0,0,,,,0,0.125829,,141.7573115,46.79764245,0,0,0
tech254,eaf,p105,steel,1005602,46725,41.124348,-85.395659,2002,1810000,0,1435707.089,0,0,0,0,2.371438,0,0.726419,0,0,0,0,0,0,0,0,0,1.11,0,0,,,,0,0.125829,,141.7573115,46.79764245,0,0,0
tech255,eaf,p127,steel,1006341,13021,42.9509,-76.57055,1975,500000,0,396604.1682,0,0,0,0,2.371438,0,0.726419,0,0,0,0,0,0,0,0,0,1.11,0,0,,,,0,0.125829,,141.7573115,46.79764245,0,0,0
tech256,eaf,p87,steel,1006144,39232,32.311967,-90.137228,2000,450000,0,356943.7514,0,0,0,0,2.371438,0,0.726419,0,0,0,0,0,0,0,0,0,1.11,0,0,,,,0,0.125829,,141.7573115,46.79764245,0,0,0
tech257,eaf,p88,steel,1004616,39703,33.445278,-88.582778,2007,3080000,0,2443081.676,0,0,0,0,2.371438,0,0.726419,0,0,0,0,0,0,0,0,0,1.11,0,0,,,,0,0.125829,,141.7573115,46.79764245,0,0,0
tech258,eaf,p58,steel,1000330,70068,30.03686,-90.46454,1979,620000,0,491789.1686,0,0,0,0,2.371438,0,0.726419,0,0,0,0,0,0,0,0,0,1.11,0,0,,,,0,0.125829,,141.7573115,46.79764245,0,0,0
tech259,eaf,p80,steel,1002621,60914,41.18133,-87.85664,1961,720000,0,571110.0023,0,0,0,0,2.371438,0,0.726419,0,0,0,0,0,0,0,0,0,1.11,0,0,,,,0,0.125829,,141.7573115,46.79764245,0,0,0
tech260,eaf,p80,steel,1008735,60619,41.726794,-87.590059,1902,520000,0,412468.335,0,0,0,0,2.371438,0,0.726419,0,0,0,0,0,0,0,0,0,1.11,0,0,,,,0,0.125829,,141.7573115,46.79764245,0,0,0
tech261,eaf,p96,steel,1002266,29450,33.004097,-79.8816,1996,2680000,0,2125798.342,0,0,0,0.000125681,2.371438,5.09E-06,0.726419,0,0,0,0,0,0,0,0,0,1.11,0,0,,,,0,0.125838,,141.7573115,46.79764245,0,0,0
tech262,eaf,p94,steel,1001103,30121,34.242779,-84.797775,1975,880000,50000,698023.3361,0,0,0,0,2.371438,0,0.726419,0,0,0,0,0,0,0,0,0,1.11,0,0,,,,0,0.125829,,141.7573115,46.79764245,0,0,0
tech263,eaf,p118,steel,1000714,24017,37.27251,-79.99861,1955,600000,0,475925.0019,0,0,0,0,2.371438,0,0.726419,0,0,0,0,0,0,0,0,0,1.11,0,0,,,,0,0.125829,,141.7573115,46.79764245,0,0,0
tech264,eaf,p64,steel,1004259,78155,29.574556,-98.032806,1947,860000,0,682159.1694,0,0,0,0,2.371438,0,0.726419,0,0,0,0,0,0,0,0,0,1.11,0,0,,,,0,0.125829,,141.7573115,46.79764245,0,0,0
tech265,eaf,p105,steel,1005584,46721,41.43507,-84.87343,1966,2720000,0,2157526.675,0,0,0,0,2.371438,0,0.726419,0,0,0,0,0,0,0,0,0,1.11,0,0,,,,0,0.125829,,141.7573115,46.79764245,0,0,0
tech266,eaf,p89,steel,1003981,35212,33.534104,-86.757929,1994,590000,0,467992.9185,0,0,0,0,2.371438,0,0.726419,0,0,0,0,0,0,0,0,0,1.11,0,0,,,,0,0.125829,,141.7573115,46.79764245,0,0,0
tech267,eaf,p89,steel,1005976,35673,34.638906,-87.089036,1997,2060000,0,1634009.173,0,0,0,0.000186303,2.371438,0.001227147,0.726419,0,0,0,0,0,0,0,0,0,1.11,0,0,,,,0,0.125919,,141.7573115,46.79764245,0,0,0
tech268,eaf,p99,steel,1000394,23803,37.179254,-77.447487,1998,760000,210000,602838.3357,0,0,0,0,2.371438,0,0.726419,0,0,0,0,0,0,0,0,0,1.11,0,0,,,,0,0.125829,,141.7573115,46.79764245,0,0,0
tech269,eaf,p101,steel,1002216,32234,30.28835,-81.977729,2000,860000,0,682159.1694,0,0,0,0,2.371438,0,0.726419,0,0,0,0,0,0,0,0,0,1.11,0,0,,,,0,0.125829,,141.7573115,46.79764245,0,0,0
tech270,eaf,p1,steel,1000029,98106,47.569331,-122.367332,1905,780000,0,618702.5024,0,0,0,0,2.371438,0,0.726419,0,0,0,0,0,0,0,0,0,1.11,0,0,,,,0,0.125829,,141.7573115,46.79764245,0,0,0
tech271,eaf,p92,steel,1006906,37921,35.97812,-83.95645,2000,490000,0,388672.0849,0,0,0,0,2.371438,0,0.726419,0,0,0,0,0,0,0,0,0,1.11,0,0,,,,0,0.125829,,141.7573115,46.79764245,0,0,0
tech272,eaf,p96,steel,1005346,29033,33.963256,-81.049798,1992,700000,0,555245.8355,0,0,0,0.08705831,2.371438,0.022533319,0.726419,0,0,0,0,0,0,0,0,0,1.11,0,0,,,,0,0.133684,,141.7573115,46.79764245,0,0,0
tech273,eaf,p10,steel,1005800,91739,34.09787,-117.529362,1957,680000,0,539381.6688,0,0,0,0,2.371438,0,0.726419,0,0,0,0,0,0,0,0,0,1.11,0,0,,,,0,0.125829,,141.7573115,46.79764245,0,0,0
tech274,eaf,p5,steel,1005755,97128,45.22863,-123.15905,1968,780000,0,618702.5024,0,0,0,0,2.371438,0,0.726419,0,0,0,0,0,0,0,0,0,1.11,0,0,,,,0,0.125829,,141.7573115,46.79764245,0,0,0
tech275,eaf,p105,steel,1004151,47933,39.9747,-86.8301,1989,2090000,0,1657805.423,0,0,0,0,2.371438,0.001495737,0.726419,0,0,0,0,0,0,0,0,0,1.11,0,0,,,,0,0.125923,,141.7573115,46.79764245,0,0,0
tech276,eaf,p97,steel,1003507,28269,35.33902,-80.82926,2006,410000,60000,325215.418,0,0,0,0,2.371438,0,0.726419,0,0,0,0,0,0,0,0,0,1.11,0,0,,,,0,0.125829,,141.7573115,46.79764245,0,0,0
tech277,eaf,p126,steel,1006708,8872,40.479262,-74.321207,1994,590000,0,467992.9185,0,0,0,0,2.371438,0,0.726419,0,0,0,0,0,0,0,0,0,1.11,0,0,,,,0,0.125829,,141.7573115,46.79764245,0,0,0
tech278,eaf,p85,steel,1007921,72315,35.941,-89.727,2000,2220000,0,1760922.507,0,0,0,0.00024509,2.371438,0,0.726419,0,0,0,0,0,0,0,0,0,1.11,0,0,,,,0,0.125847,,141.7573115,46.79764245,0,0,0
tech279,eaf,p111,steel,1005163,43515,41.5684,-84.03759,1996,2750000,0,2181322.925,0,0,0,0,2.371438,0,0.726419,0,0,0,0,0,0,0,0,0,1.11,0,0,,,,0,0.125829,,141.7573115,46.79764245,0,0,0
tech280,eaf,p115,steel,1004729,15059,40.63537,-80.44903,1906,360000,0,285555.0011,0,0,0,0,2.371438,0,0.726419,0,0,0,0,0,0,0,0,0,1.11,0,0,,,,0,0.125829,,141.7573115,46.79764245,0,0,0
tech281,eaf,p85,steel,1012997,72370,35.6969927,-90.0373201,2000,2990000,0,2371692.926,0,0,0,0,2.371438,0,0.726419,0,0,0,0,0,0,0,0,0,1.11,0,0,,,,0,0.125829,,141.7573115,46.79764245,0,0,0
tech282,eaf,p80,steel,1006269,61081,41.786281,-89.709809,2003,1540000,0,1221540.838,0,0,0,0,2.371438,0,0.726419,0,0,0,0,0,0,0,0,0,1.11,0,0,,,,0,0.125829,,141.7573115,46.79764245,0,0,0
tech283,eaf,p81,steel,1003268,62002,38.88321,-90.14503,2003,620000,0,491789.1686,0,0,0,0,2.371438,0.000823481,0.726419,0,0,0,0,0,0,0,0,0,1.11,0,0,,,,0,0.12588,,141.7573115,46.79764245,0,0,0
tech284,eaf,p109,steel,1005700,41045,38.766667,-85.004167,1995,2470000,0,1959224.591,0,0,0,0,2.371438,0,0.726419,0,0,0,0,0,0,0,0,0,1.11,0,0,,,,0,0.125829,,141.7573115,46.79764245,0,0,0
tech285,eaf,p115,steel,1005190,16136,40.835648,-80.31814,2000,540000,0,428332.5017,0,0,0,0,2.371438,0,0.726419,0,0,0,0,0,0,0,0,0,1.11,0,0,,,,0,0.125829,,141.7573115,46.79764245,0,0,0
tech286,eaf,p89,steel,1000159,35064,33.4833,-86.9261,1909,820000,0,650430.8359,0,0,0,0,2.371438,0,0.726419,0,0,0,0,0,0,0,0,0,1.11,0,0,,,,0,0.125829,,141.7573115,46.79764245,0,0,0
tech287,eaf,p112,steel,1013051,43938,40.314524,-80.614763,1872,1360000,0,1078763.338,0,0,0,0,2.371438,0,0.726419,0,0,0,0,0,0,0,0,0,1.11,0,0,,,,0,0.125829,,141.7573115,46.79764245,0,0,0
tech288,eaf,p111,steel,1003799,44704,40.799393,-81.334441,1886,990000,0,785276.2531,0,0,0,0,2.371438,0,0.726419,0,0,0,0,0,0,0,0,0,1.11,0,0,,,,0,0.125829,,141.7573115,46.79764245,0,0,0
tech289,eaf,p28,steel,1004038,85212,33.2853,-111.5863,2009,320000,0,253826.6677,0,0,0,0,2.371438,0,0.726419,0,0,0,0,0,0,0,0,0,1.11,0,0,,,,0,0.125829,,141.7573115,46.79764245,0,0,0
tech290,eaf,p50,steel,1013215,74701,33.997672,-96.404008,2018,350000,0,277622.9178,0,0,0,0,2.371438,0,0.726419,0,0,0,0,0,0,0,0,0,1.11,0,0,,,,0,0.125829,,141.7573115,46.79764245,0,0,0
new,haber,p1,ammonia,,,,,0,0,0,,0,0,0,0,0,0,0.083336781,0,0,0,0,0,0.158117647,0,0,0,0,0,0,,,,0,0,880000,800,44.11610644,0,0,0
new,smr_haber,p1,ammonia,,,,,0,0,0,,0,0,0,0,10.52076857,0,0.083336781,0,0,19.90415675,0,0,0,0,0,0,0,0,0,,,,0.892018779,0.55823198,880000,1764.644258,44.11610644,0,0,0
new,smr_haber_ccs,p1,ammonia,,,,,0,0,0,,0,0,0,0,10.52076857,0,0.27778927,0,0,19.90415675,0,0,0,0,0,0,0,0,0,,,,0.892018779,0.55823198,880000,2117.573109,54.70397199,0,0.9,0.9
new,electrol_haber,p1,ammonia,,,,,0,0,0,,0,0,0,0,0,0,10.00041371,0,0,0,0,0,0,0,0,0,0,0,0,,,,0,0,880000,2175.516652,54.3879163,0,0,0
new,port,p1,cement,,,,,0,0,0,,1.082655488,0,0.026117775,0.017868971,0.587727265,0.003433565,0.11772075,0.927990418,0,0,0,0,0,0,0,0,0,0,1.177554781,,,,0.455175,0.222354799,1440000,167.3941293,19.78200491,1.6,0,0
new,port_ccs_tailcl,p1,cement,,,,,0,0,0,,2.451947038,0,0.059150303,0.040468802,1.331056964,0.021787301,0.0425,2.10166889,0,0,0,0,0,0,0,0,0,0,1.158713904,,,,0.455175,0.504459532,1150000,309.1421535,30.08137952,2.542779796,0.936,0.936
new,port_ccs_intcl,p1,cement,,,,,0,0,0,,1.878674914,0,0.045320796,0.031007082,1.019852096,0.016693369,0.1282,1.610292783,0,0,0,0,0,0,0,0,0,0,1.177554781,,,,0.455175,0.386515472,1150000,322.5433897,31.0533301,2.336608461,0.946,0.946
new,repf_cng,p1,glass,,,,,0,0,0,,0,0,0,0.00454142,6.474825353,0.004565799,0.475063151,0,0,0,0,0,,,,,0,0,0.12,0.248,0.74,0.11,0.132352,0.344177169,234570.3413,477.4687173,19.09720684,0,0,0
new,repf_flg,p1,glass,,,,,0,0,0,,0,0,0,0.000342155,6.567269026,0,0.262469506,0,0,0,0,0,,,,,0,0,0.13,0,0.72,0.09,0.176,0.3484846,251345.657,763.8882735,19.09720684,0,0,0
new,repf_fbg,p1,glass,,,,,0,0,0,,0,0,0,0.000143146,4.90695465,0.000452149,0.454187548,0,0,0,0,0,,,,,0,0,0.12,0.062,0.74,0.11,0.165088,0.260402027,177322.0672,902.3129636,19.09720684,0,0,0
new,rspf_cng,p1,glass,,,,,0,0,0,,0,0,0,0.00454142,6.474825353,0.004565799,0.475063151,0,0,0,0,0,,,,,0,0,0.12,0.248,0.74,0.11,0.132352,0.344177169,234570.3413,477.4687173,19.09720684,0,0,0
new,rspf_flg,p1,glass,,,,,0,0,0,,0,0,0,0.000342155,6.567269026,0,0.262469506,0,0,0,0,0,,,,,0,0,0.13,0,0.72,0.09,0.176,0.3484846,251345.657,763.8882735,19.09720684,0,0,0
new,rspf_fbg,p1,glass,,,,,0,0,0,,0,0,0,0.000143146,4.90695465,0.000452149,0.454187548,0,0,0,0,0,,,,,0,0,0.12,0.062,0.74,0.11,0.165088,0.260402027,177322.0672,902.3129636,19.09720684,0,0,0
new,recf_cng,p1,glass,,,,,0,0,0,,0,0,0,0.00454142,6.474825353,0.004565799,0.475063151,0,0,0,0,0,,,,,0,0,0.12,0.248,0.74,0.11,0.132352,0.344177169,234570.3413,477.4687173,19.09720684,0,0,0
new,recf_flg,p1,glass,,,,,0,0,0,,0,0,0,0.000342155,6.567269026,0,0.262469506,0,0,0,0,0,,,,,0,0,0.13,0,0.72,0.09,0.176,0.3484846,251345.657,763.8882735,19.09720684,0,0,0
new,recf_fbg,p1,glass,,,,,0,0,0,,0,0,0,0.000143146,4.90695465,0.000452149,0.454187548,0,0,0,0,0,,,,,0,0,0.12,0.062,0.74,0.11,0.165088,0.260402027,177322.0672,902.3129636,19.09720684,0,0,0
new,off_cng,p1,glass,,,,,0,0,0,,0,0,0,0.00454142,6.474825353,0.004565799,0.475063151,0,0,0,0,0,,,,,0,0,0.12,0.248,0.74,0.11,0.132352,0.344177169,234570.3413,477.4687173,19.09720684,0,0,0
new,off_flg,p1,glass,,,,,0,0,0,,0,0,0,0.000342155,6.567269026,0,0.262469506,0,0,0,0,0,,,,,0,0,0.13,0,0.72,0.09,0.176,0.3484846,251345.657,763.8882735,19.09720684,0,0,0
new,off_fbg,p1,glass,,,,,0,0,0,,0,0,0,0.000143146,4.90695465,0.000452149,0.454187548,0,0,0,0,0,,,,,0,0,0.12,0.062,0.74,0.11,0.165088,0.260402027,177322.0672,902.3129636,19.09720684,0,0,0
new,repf_cng_ccs,p1,glass,,,,,0,0,0,,0,0,0,0.00454142,8.013397715,0.004565799,0.475063151,0,0,0,0,0,,,,,0,0,0.12,0.248,0.74,0.11,0.132352,0.344177169,234570.3413,515.3459776,37.74378218,0,0.98,0.98
new,repf_flg_ccs,p1,glass,,,,,0,0,0,,0,0,0,0.000342155,8.1278082,0,0.262469506,0,0,0,0,0,,,,,0,0,0.13,0,0.72,0.09,0.176,0.3484846,251345.657,801.7655337,37.74378218,0,0.98,0.98
new,repf_fbg_ccs,p1,glass,,,,,0,0,0,,0,0,0,0.000143146,6.072963675,0.000452149,0.454187548,0,0,0,0,0,,,,,0,0,0.12,0.062,0.74,0.11,0.165088,0.260402027,177322.0672,940.1902239,37.74378218,0,0.98,0.98
new,rspf_cng_ccs,p1,glass,,,,,0,0,0,,0,0,0,0.00454142,8.013397715,0.004565799,0.475063151,0,0,0,0,0,,,,,0,0,0.12,0.248,0.74,0.11,0.132352,0.344177169,234570.3413,515.3459776,37.74378218,0,0.98,0.98
new,rspf_flg_ccs,p1,glass,,,,,0,0,0,,0,0,0,0.000342155,8.1278082,0,0.262469506,0,0,0,0,0,,,,,0,0,0.13,0,0.72,0.09,0.176,0.3484846,251345.657,801.7655337,37.74378218,0,0.98,0.98
new,rspf_fbg_ccs,p1,glass,,,,,0,0,0,,0,0,0,0.000143146,6.072963675,0.000452149,0.454187548,0,0,0,0,0,,,,,0,0,0.12,0.062,0.74,0.11,0.165088,0.260402027,177322.0672,940.1902239,37.74378218,0,0.98,0.98
new,recf_cng_ccs,p1,glass,,,,,0,0,0,,0,0,0,0.00454142,8.013397715,0.004565799,0.475063151,0,0,0,0,0,,,,,0,0,0.12,0.248,0.74,0.11,0.132352,0.344177169,234570.3413,515.3459776,37.74378218,0,0.98,0.98
new,recf_flg_ccs,p1,glass,,,,,0,0,0,,0,0,0,0.000342155,8.1278082,0,0.262469506,0,0,0,0,0,,,,,0,0,0.13,0,0.72,0.09,0.176,0.3484846,251345.657,801.7655337,37.74378218,0,0.98,0.98
new,recf_fbg_ccs,p1,glass,,,,,0,0,0,,0,0,0,0.000143146,6.072963675,0.000452149,0.454187548,0,0,0,0,0,,,,,0,0,0.12,0.062,0.74,0.11,0.165088,0.260402027,177322.0672,940.1902239,37.74378218,0,0.98,0.98
new,off_cng_greenh2,p1,glass,,,,,0,0,0,,0,0,0,0.00454142,6.474825353,0.004565799,0.53,0,0,0,0,0,,,,,0,0,0.12,0.248,0.74,0.11,0.132352,0,234570.3413,546.1913633,34.9034154,0,0,0
new,off_flg_greenh2,p1,glass,,,,,0,0,0,,0,0,0,0.000342155,6.567269026,0,0.53,0,0,0,0,0,,,,,0,0,0.13,0,0.72,0.09,0.176,0,251345.657,832.6109194,34.9034154,0,0,0
new,off_fbg_greenh2,p1,glass,,,,,0,0,0,,0,0,0,0.000143146,4.90695465,0.000452149,0.53,0,0,0,0,0,,,,,0,0,0.12,0.062,0.74,0.11,0.165088,0,177322.0672,971.0356095,34.9034154,0,0,0
new,off_cng_greench4,p1,glass,,,,,0,0,0,,0,0,0,0.00454142,6.474825353,0.004565799,0.61,0,0,0,0,0,,,,,0,0,0.12,0.248,0.74,0.11,0.132352,0.344177169,234570.3413,555.4518616,37.03333003,0,0,0
new,off_flg_greench4,p1,glass,,,,,0,0,0,,0,0,0,0.000342155,6.567269026,0,0.61,0,0,0,0,0,,,,,0,0,0.13,0,0.72,0.09,0.176,0.3484846,251345.657,841.8714178,37.03333003,0,0,0
new,off_fbg_greench4,p1,glass,,,,,0,0,0,,0,0,0,0.000143146,4.90695465,0.000452149,0.61,0,0,0,0,0,,,,,0,0,0.12,0.062,0.74,0.11,0.165088,0.260402027,177322.0672,980.2961079,37.03333003,0,0,0
new,aemf_cng,p1,glass,,,,,0,0,0,,0,0,0,0,0,0,1.12,0,0,0,0,0,,,,,0,0,0.12,0.248,0.74,0.11,0.132352,0,234570.3413,783.0814564,30.48027101,0,0,0
new,aemf_flg,p1,glass,,,,,0,0,0,,0,0,0,0,0,0,0.91,0,0,0,0,0,,,,,0,0,0.13,0,0.72,0.09,0.176,0,251345.657,1069.501013,30.48027101,0,0,0
new,aemf_fbg,p1,glass,,,,,0,0,0,,0,0,0,0,0,0,1.1,0,0,0,0,0,,,,,0,0,0.12,0.062,0.74,0.11,0.165088,0,177322.0672,1207.925703,30.48027101,0,0,0
new,merch_bf_bof,p1,steel,,,,,0,0,0,,2.439680927,0,13.40421584,0.036017046,0.308711111,0,0.106999376,0,1.247327156,0,0,0,0,0,0,0,0.254,1.102,0,,,,0,1.86734,4320000,735.9445355,63.40991779,21.48821219,0,0
new,bf_bof,p1,steel,,,,,0,0,0,,2.439680927,16.12236696,0,0.036017046,0.358274821,0,0.123894014,0,1.247327156,0,0,0,0,0,0,0,0.254,1.102,0,,,,0,1.850207,4320000,847.0519384,76.78909265,21.48821219,0,0
new,bf_bof_ccs,p1,steel,,,,,0,0,0,,2.439680927,16.12236696,0,0.036017046,4.480330902,0,0.265288752,0,1.247327156,0,0,0,0,0,0,0,0.254,1.102,0,,,,0,2.068923,4320000,1044.273259,82.27954707,21.48821219,0.69,0.69
new,eaf,p1,steel,,,,,0,0,0,,0,0,0,0,0.179137411,0,0.484464486,0,0,0,0,0,0,0,0,0,1.11,0,0,,,,0,0.009505,4920000,141.7573115,46.79764245,0,0,0
new,dri_eaf_ng,p1,steel,,,,,0,0,0,,0,0,0,0,10.70274943,0,0.968,0,0,0,0,0,0,0,0,0,0.254,1.029,0,,,,0,0.567888,4000000,463.8186959,15.89806303,0,0,0
new,dri_eaf_ng_ccs,p1,steel,,,,,0,0,0,,0,0,0,0,13.98030057,0,1.016708727,0,0,0,0,0,0,0,0,0,0.254,1.029,0,,,,0,0.741795,4000000,661.0400163,21.38851745,0,0.9,0.9
new,dri_eaf_h2,p1,steel,,,,,0,0,0,,0,0,0,0,3.386550098,0,0.968,0,0,0,0,0,0.061,0,0,0,0.254,1.029,0,,,,0,0.17969,4000000,463.8186959,15.89806303,0,0,0
new,fit_eaf_h2,p1,steel,,,,,0,0,0,,0,0,0,0,0.231267345,0,0.742,0,0,0,0,0,0.083,0,0,0,0.254,1.164,0,,,,0,0.012271,4330000,545.0346421,15.89806303,0,0,0
